Workbook

Sheet 📋 使い方ガイド
B2: ③ 予約・スケジュール管理
B3: シンプル型（月カレンダー）と時間帯型（日スケジュール）を収録しています
B5: 📂 シート構成
B6: シート名 | C6: 役割 | D6: 主な操作・入力
B7: ①顧客マスタ | C7: 予約者の基本情報を登録 | D7: 顧客IDは変更しないこと。②予約入力と紐づいている
B8: ②予約入力 | C8: 日々の予約を記録する台帳 | D8: 顧客IDを入力すると氏名が自動表示。ダブルブッキング確認はカレンダーシートで
B9: ③カレンダー（月表示） | C9: 月単位で予約を俯瞰・ダブルブッキング防止 | D9: 確認月（B3）を入力すると予約済み日が自動でハイライト表示
B10: ④時間帯表（日表示） | C10: 1日の時間帯×担当者でスケジュールを確認 | D10: 確認日（B3）を入力するとその日の予約が時間帯ごとに表示
B13: 🔗 データの流れ（シート間のつながり）
B14: 入力元シート | C14: 参照先シート | D14: つながりの内容
B15: ①顧客マスタ | C15: ②予約入力 | D15: 顧客IDをもとに氏名を自動参照
B16: ②予約入力 | C16: ③カレンダー（月表示） | D16: 日付データから予約件数を月カレンダーに集計
B17: ②予約入力 | C17: ④時間帯表（日表示） | D17: 日付・時間・担当者データを時間帯マトリクスに表示
B20: 💡 ヒント：青字のセルは自動計算セルです。直接入力すると数式が消えるためご注意ください。
B21: 💡 ヒント：グレーの行と白の行が交互になっています。行を追加する場合は最終行の下に追加してください。

Sheet ①顧客マスタ
A1: ① 顧客マスタ ― 予約者の基本情報を登録します
A2: ※ 顧客IDは変更しないでください。②予約入力シートと紐づいています。
A3: 顧客ID | B3: 氏名 | C3: フリガナ | D3: 電話番号 | E3: メールアドレス | F3: 備考
A4: C001 | B4: 山田太郎 | C4: ヤマダタロウ | D4: 090-1234-5678 | E4: yamada@example.com
A5: C002 | B5: 鈴木花子 | C5: スズキハナコ | D5: 080-9876-5432 | E5: suzuki@example.com | F5: 常連

Sheet ②予約入力
A1: ② 予約入力 ― 日々の予約を記録します
A2: ※ 顧客IDを入力すると氏名が自動表示されます。キャンセル・変更は上書きで管理してください（備考に変更前を記録推奨）。
A3: 予約ID | B3: 日付 | C3: 開始時間 | D3: 終了時間 | E3: 顧客ID | F3: 顧客名（自動） | G3: メニュー | H3: 担当者 | I3: 状態 | J3: 備考
A4: R001 | B4: 46183 | C4: 10:00 | D4: 11:00 | E4: C001 | G4: カット | H4: 田中 | I4: 確定
A5: R002 | B5: 46183 | C5: 13:00 | D5: 15:00 | E5: C002 | G5: カット＋カラー | H5: 佐藤 | I5: 確定
A6: R003 | B6: 46184 | C6: 11:00 | D6: 12:00 | E6: C001 | G6: カラー | H6: 田中 | I6: 仮予約
F7: =IFERROR(VLOOKUP(E7,①顧客マスタ!$A$4:$F$105,2,0),"")
F8: =IFERROR(VLOOKUP(E8,①顧客マスタ!$A$4:$F$105,2,0),"")
F9: =IFERROR(VLOOKUP(E9,①顧客マスタ!$A$4:$F$105,2,0),"")
F10: =IFERROR(VLOOKUP(E10,①顧客マスタ!$A$4:$F$105,2,0),"")
F11: =IFERROR(VLOOKUP(E11,①顧客マスタ!$A$4:$F$105,2,0),"")
F12: =IFERROR(VLOOKUP(E12,①顧客マスタ!$A$4:$F$105,2,0),"")
F13: =IFERROR(VLOOKUP(E13,①顧客マスタ!$A$4:$F$105,2,0),"")
F14: =IFERROR(VLOOKUP(E14,①顧客マスタ!$A$4:$F$105,2,0),"")
F15: =IFERROR(VLOOKUP(E15,①顧客マスタ!$A$4:$F$105,2,0),"")
F16: =IFERROR(VLOOKUP(E16,①顧客マスタ!$A$4:$F$105,2,0),"")
F17: =IFERROR(VLOOKUP(E17,①顧客マスタ!$A$4:$F$105,2,0),"")
F18: =IFERROR(VLOOKUP(E18,①顧客マスタ!$A$4:$F$105,2,0),"")
... F206: =IFERROR(VLOOKUP(E206,①顧客マスタ!$A$4:$F$105,2,0),"")

Sheet ③カレンダー（月表示）
A1: ③ カレンダー（月表示） ― 月単位で予約を俯瞰します
A2: ※ B3セルに確認したい年月を入力してください（例：2026/06）。予約がある日に件数が表示されます。
A3: 確認月 | B3: 46174 | C3: ← ここに確認したい年月を入力してください（変更するとカレンダーが更新されます）
B5: 日 | C5: 月 | D5: 火 | E5: 水 | F5: 木 | G5: 金 | H5: 土
B6: =IFERROR(IF(MONTH(DATE(YEAR($B$3),MONTH($B$3),1)-WEEKDAY(DATE(YEAR($B$3),MONTH($B$3),1),1)+1+0)=MONTH($B$3),DATE(YEAR($B$3),MONTH($B$3),1)-WEEKDAY(DATE(YEAR($B$3),MONTH($B$3),1),1)+1+0,""),"") | C6: =IFERROR(IF(MONTH(DATE(YEAR($B$3),MONTH($B$3),1)-WEEKDAY(DATE(YEAR($B$3),MONTH($B$3),1),1)+1+1)=MONTH($B$3),DATE(YEAR($B$3),MONTH($B$3),1)-WEEKDAY(DATE(YEAR($B$3),MONTH($B$3),1),1)+1+1,""),"") -> 46174 | D6: =IFERROR(IF(MONTH(DATE(YEAR($B$3),MONTH($B$3),1)-WEEKDAY(DATE(YEAR($B$3),MONTH($B$3),1),1)+1+2)=MONTH($B$3),DATE(YEAR($B$3),MONTH($B$3),1)-WEEKDAY(DATE(YEAR($B$3),MONTH($B$3),1),1)+1+2,""),"") -> 46175 | E6: =IFERROR(IF(MONTH(DATE(YEAR($B$3),MONTH($B$3),1)-WEEKDAY(DATE(YEAR($B$3),MONTH($B$3),1),1)+1+3)=MONTH($B$3),DATE(YEAR($B$3),MONTH($B$3),1)-WEEKDAY(DATE(YEAR($B$3),MONTH($B$3),1),1)+1+3,""),"") -> 46176 | F6: =IFERROR(IF(MONTH(DATE(YEAR($B$3),MONTH($B$3),1)-WEEKDAY(DATE(YEAR($B$3),MONTH($B$3),1),1)+1+4)=MONTH($B$3),DATE(YEAR($B$3),MONTH($B$3),1)-WEEKDAY(DATE(YEAR($B$3),MONTH($B$3),1),1)+1+4,""),"") -> 46177 | G6: =IFERROR(IF(MONTH(DATE(YEAR($B$3),MONTH($B$3),1)-WEEKDAY(DATE(YEAR($B$3),MONTH($B$3),1),1)+1+5)=MONTH($B$3),DATE(YEAR($B$3),MONTH($B$3),1)-WEEKDAY(DATE(YEAR($B$3),MONTH($B$3),1),1)+1+5,""),"") -> 46178 | H6: =IFERROR(IF(MONTH(DATE(YEAR($B$3),MONTH($B$3),1)-WEEKDAY(DATE(YEAR($B$3),MONTH($B$3),1),1)+1+6)=MONTH($B$3),DATE(YEAR($B$3),MONTH($B$3),1)-WEEKDAY(DATE(YEAR($B$3),MONTH($B$3),1),1)+1+6,""),"") -> 46179
B7: =IFERROR(IF(B6=""," ",IF(COUNTIFS(②予約入力!$B$4:$B$206,B6,②予約入力!$I$4:$I$206,"<>キャンセル")=0,"－",COUNTIFS(②予約入力!$B$4:$B$206,B6,②予約入力!$I$4:$I$206,"<>キャンセル")&"件"))," ") | C7: =IFERROR(IF(C6=""," ",IF(COUNTIFS(②予約入力!$B$4:$B$206,C6,②予約入力!$I$4:$I$206,"<>キャンセル")=0,"－",COUNTIFS(②予約入力!$B$4:$B$206,C6,②予約入力!$I$4:$I$206,"<>キャンセル")&"件"))," ") -> － | D7: =IFERROR(IF(D6=""," ",IF(COUNTIFS(②予約入力!$B$4:$B$206,D6,②予約入力!$I$4:$I$206,"<>キャンセル")=0,"－",COUNTIFS(②予約入力!$B$4:$B$206,D6,②予約入力!$I$4:$I$206,"<>キャンセル")&"件"))," ") -> － | E7: =IFERROR(IF(E6=""," ",IF(COUNTIFS(②予約入力!$B$4:$B$206,E6,②予約入力!$I$4:$I$206,"<>キャンセル")=0,"－",COUNTIFS(②予約入力!$B$4:$B$206,E6,②予約入力!$I$4:$I$206,"<>キャンセル")&"件"))," ") -> － | F7: =IFERROR(IF(F6=""," ",IF(COUNTIFS(②予約入力!$B$4:$B$206,F6,②予約入力!$I$4:$I$206,"<>キャンセル")=0,"－",COUNTIFS(②予約入力!$B$4:$B$206,F6,②予約入力!$I$4:$I$206,"<>キャンセル")&"件"))," ") -> － | G7: =IFERROR(IF(G6=""," ",IF(COUNTIFS(②予約入力!$B$4:$B$206,G6,②予約入力!$I$4:$I$206,"<>キャンセル")=0,"－",COUNTIFS(②予約入力!$B$4:$B$206,G6,②予約入力!$I$4:$I$206,"<>キャンセル")&"件"))," ") -> － | H7: =IFERROR(IF(H6=""," ",IF(COUNTIFS(②予約入力!$B$4:$B$206,H6,②予約入力!$I$4:$I$206,"<>キャンセル")=0,"－",COUNTIFS(②予約入力!$B$4:$B$206,H6,②予約入力!$I$4:$I$206,"<>キャンセル")&"件"))," ") -> －
B8: =IFERROR(IF(MONTH(DATE(YEAR($B$3),MONTH($B$3),1)-WEEKDAY(DATE(YEAR($B$3),MONTH($B$3),1),1)+1+7)=MONTH($B$3),DATE(YEAR($B$3),MONTH($B$3),1)-WEEKDAY(DATE(YEAR($B$3),MONTH($B$3),1),1)+1+7,""),"") -> 46180 | C8: =IFERROR(IF(MONTH(DATE(YEAR($B$3),MONTH($B$3),1)-WEEKDAY(DATE(YEAR($B$3),MONTH($B$3),1),1)+1+8)=MONTH($B$3),DATE(YEAR($B$3),MONTH($B$3),1)-WEEKDAY(DATE(YEAR($B$3),MONTH($B$3),1),1)+1+8,""),"") -> 46181 | D8: =IFERROR(IF(MONTH(DATE(YEAR($B$3),MONTH($B$3),1)-WEEKDAY(DATE(YEAR($B$3),MONTH($B$3),1),1)+1+9)=MONTH($B$3),DATE(YEAR($B$3),MONTH($B$3),1)-WEEKDAY(DATE(YEAR($B$3),MONTH($B$3),1),1)+1+9,""),"") -> 46182 | E8: =IFERROR(IF(MONTH(DATE(YEAR($B$3),MONTH($B$3),1)-WEEKDAY(DATE(YEAR($B$3),MONTH($B$3),1),1)+1+10)=MONTH($B$3),DATE(YEAR($B$3),MONTH($B$3),1)-WEEKDAY(DATE(YEAR($B$3),MONTH($B$3),1),1)+1+10,""),"") -> 46183 | F8: =IFERROR(IF(MONTH(DATE(YEAR($B$3),MONTH($B$3),1)-WEEKDAY(DATE(YEAR($B$3),MONTH($B$3),1),1)+1+11)=MONTH($B$3),DATE(YEAR($B$3),MONTH($B$3),1)-WEEKDAY(DATE(YEAR($B$3),MONTH($B$3),1),1)+1+11,""),"") -> 46184 | G8: =IFERROR(IF(MONTH(DATE(YEAR($B$3),MONTH($B$3),1)-WEEKDAY(DATE(YEAR($B$3),MONTH($B$3),1),1)+1+12)=MONTH($B$3),DATE(YEAR($B$3),MONTH($B$3),1)-WEEKDAY(DATE(YEAR($B$3),MONTH($B$3),1),1)+1+12,""),"") -> 46185 | H8: =IFERROR(IF(MONTH(DATE(YEAR($B$3),MONTH($B$3),1)-WEEKDAY(DATE(YEAR($B$3),MONTH($B$3),1),1)+1+13)=MONTH($B$3),DATE(YEAR($B$3),MONTH($B$3),1)-WEEKDAY(DATE(YEAR($B$3),MONTH($B$3),1),1)+1+13,""),"") -> 46186
B9: =IFERROR(IF(B8=""," ",IF(COUNTIFS(②予約入力!$B$4:$B$206,B8,②予約入力!$I$4:$I$206,"<>キャンセル")=0,"－",COUNTIFS(②予約入力!$B$4:$B$206,B8,②予約入力!$I$4:$I$206,"<>キャンセル")&"件"))," ") -> － | C9: =IFERROR(IF(C8=""," ",IF(COUNTIFS(②予約入力!$B$4:$B$206,C8,②予約入力!$I$4:$I$206,"<>キャンセル")=0,"－",COUNTIFS(②予約入力!$B$4:$B$206,C8,②予約入力!$I$4:$I$206,"<>キャンセル")&"件"))," ") -> － | D9: =IFERROR(IF(D8=""," ",IF(COUNTIFS(②予約入力!$B$4:$B$206,D8,②予約入力!$I$4:$I$206,"<>キャンセル")=0,"－",COUNTIFS(②予約入力!$B$4:$B$206,D8,②予約入力!$I$4:$I$206,"<>キャンセル")&"件"))," ") -> － | E9: =IFERROR(IF(E8=""," ",IF(COUNTIFS(②予約入力!$B$4:$B$206,E8,②予約入力!$I$4:$I$206,"<>キャンセル")=0,"－",COUNTIFS(②予約入力!$B$4:$B$206,E8,②予約入力!$I$4:$I$206,"<>キャンセル")&"件"))," ") -> 2件 | F9: =IFERROR(IF(F8=""," ",IF(COUNTIFS(②予約入力!$B$4:$B$206,F8,②予約入力!$I$4:$I$206,"<>キャンセル")=0,"－",COUNTIFS(②予約入力!$B$4:$B$206,F8,②予約入力!$I$4:$I$206,"<>キャンセル")&"件"))," ") -> 1件 | G9: =IFERROR(IF(G8=""," ",IF(COUNTIFS(②予約入力!$B$4:$B$206,G8,②予約入力!$I$4:$I$206,"<>キャンセル")=0,"－",COUNTIFS(②予約入力!$B$4:$B$206,G8,②予約入力!$I$4:$I$206,"<>キャンセル")&"件"))," ") -> － | H9: =IFERROR(IF(H8=""," ",IF(COUNTIFS(②予約入力!$B$4:$B$206,H8,②予約入力!$I$4:$I$206,"<>キャンセル")=0,"－",COUNTIFS(②予約入力!$B$4:$B$206,H8,②予約入力!$I$4:$I$206,"<>キャンセル")&"件"))," ") -> －
B10: =IFERROR(IF(MONTH(DATE(YEAR($B$3),MONTH($B$3),1)-WEEKDAY(DATE(YEAR($B$3),MONTH($B$3),1),1)+1+14)=MONTH($B$3),DATE(YEAR($B$3),MONTH($B$3),1)-WEEKDAY(DATE(YEAR($B$3),MONTH($B$3),1),1)+1+14,""),"") -> 46187 | C10: =IFERROR(IF(MONTH(DATE(YEAR($B$3),MONTH($B$3),1)-WEEKDAY(DATE(YEAR($B$3),MONTH($B$3),1),1)+1+15)=MONTH($B$3),DATE(YEAR($B$3),MONTH($B$3),1)-WEEKDAY(DATE(YEAR($B$3),MONTH($B$3),1),1)+1+15,""),"") -> 46188 | D10: =IFERROR(IF(MONTH(DATE(YEAR($B$3),MONTH($B$3),1)-WEEKDAY(DATE(YEAR($B$3),MONTH($B$3),1),1)+1+16)=MONTH($B$3),DATE(YEAR($B$3),MONTH($B$3),1)-WEEKDAY(DATE(YEAR($B$3),MONTH($B$3),1),1)+1+16,""),"") -> 46189 | E10: =IFERROR(IF(MONTH(DATE(YEAR($B$3),MONTH($B$3),1)-WEEKDAY(DATE(YEAR($B$3),MONTH($B$3),1),1)+1+17)=MONTH($B$3),DATE(YEAR($B$3),MONTH($B$3),1)-WEEKDAY(DATE(YEAR($B$3),MONTH($B$3),1),1)+1+17,""),"") -> 46190 | F10: =IFERROR(IF(MONTH(DATE(YEAR($B$3),MONTH($B$3),1)-WEEKDAY(DATE(YEAR($B$3),MONTH($B$3),1),1)+1+18)=MONTH($B$3),DATE(YEAR($B$3),MONTH($B$3),1)-WEEKDAY(DATE(YEAR($B$3),MONTH($B$3),1),1)+1+18,""),"") -> 46191 | G10: =IFERROR(IF(MONTH(DATE(YEAR($B$3),MONTH($B$3),1)-WEEKDAY(DATE(YEAR($B$3),MONTH($B$3),1),1)+1+19)=MONTH($B$3),DATE(YEAR($B$3),MONTH($B$3),1)-WEEKDAY(DATE(YEAR($B$3),MONTH($B$3),1),1)+1+19,""),"") -> 46192 | H10: =IFERROR(IF(MONTH(DATE(YEAR($B$3),MONTH($B$3),1)-WEEKDAY(DATE(YEAR($B$3),MONTH($B$3),1),1)+1+20)=MONTH($B$3),DATE(YEAR($B$3),MONTH($B$3),1)-WEEKDAY(DATE(YEAR($B$3),MONTH($B$3),1),1)+1+20,""),"") -> 46193
B11: =IFERROR(IF(B10=""," ",IF(COUNTIFS(②予約入力!$B$4:$B$206,B10,②予約入力!$I$4:$I$206,"<>キャンセル")=0,"－",COUNTIFS(②予約入力!$B$4:$B$206,B10,②予約入力!$I$4:$I$206,"<>キャンセル")&"件"))," ") -> － | C11: =IFERROR(IF(C10=""," ",IF(COUNTIFS(②予約入力!$B$4:$B$206,C10,②予約入力!$I$4:$I$206,"<>キャンセル")=0,"－",COUNTIFS(②予約入力!$B$4:$B$206,C10,②予約入力!$I$4:$I$206,"<>キャンセル")&"件"))," ") -> － | D11: =IFERROR(IF(D10=""," ",IF(COUNTIFS(②予約入力!$B$4:$B$206,D10,②予約入力!$I$4:$I$206,"<>キャンセル")=0,"－",COUNTIFS(②予約入力!$B$4:$B$206,D10,②予約入力!$I$4:$I$206,"<>キャンセル")&"件"))," ") -> － | E11: =IFERROR(IF(E10=""," ",IF(COUNTIFS(②予約入力!$B$4:$B$206,E10,②予約入力!$I$4:$I$206,"<>キャンセル")=0,"－",COUNTIFS(②予約入力!$B$4:$B$206,E10,②予約入力!$I$4:$I$206,"<>キャンセル")&"件"))," ") -> － | F11: =IFERROR(IF(F10=""," ",IF(COUNTIFS(②予約入力!$B$4:$B$206,F10,②予約入力!$I$4:$I$206,"<>キャンセル")=0,"－",COUNTIFS(②予約入力!$B$4:$B$206,F10,②予約入力!$I$4:$I$206,"<>キャンセル")&"件"))," ") -> － | G11: =IFERROR(IF(G10=""," ",IF(COUNTIFS(②予約入力!$B$4:$B$206,G10,②予約入力!$I$4:$I$206,"<>キャンセル")=0,"－",COUNTIFS(②予約入力!$B$4:$B$206,G10,②予約入力!$I$4:$I$206,"<>キャンセル")&"件"))," ") -> － | H11: =IFERROR(IF(H10=""," ",IF(COUNTIFS(②予約入力!$B$4:$B$206,H10,②予約入力!$I$4:$I$206,"<>キャンセル")=0,"－",COUNTIFS(②予約入力!$B$4:$B$206,H10,②予約入力!$I$4:$I$206,"<>キャンセル")&"件"))," ") -> －
B12: =IFERROR(IF(MONTH(DATE(YEAR($B$3),MONTH($B$3),1)-WEEKDAY(DATE(YEAR($B$3),MONTH($B$3),1),1)+1+21)=MONTH($B$3),DATE(YEAR($B$3),MONTH($B$3),1)-WEEKDAY(DATE(YEAR($B$3),MONTH($B$3),1),1)+1+21,""),"") -> 46194 | C12: =IFERROR(IF(MONTH(DATE(YEAR($B$3),MONTH($B$3),1)-WEEKDAY(DATE(YEAR($B$3),MONTH($B$3),1),1)+1+22)=MONTH($B$3),DATE(YEAR($B$3),MONTH($B$3),1)-WEEKDAY(DATE(YEAR($B$3),MONTH($B$3),1),1)+1+22,""),"") -> 46195 | D12: =IFERROR(IF(MONTH(DATE(YEAR($B$3),MONTH($B$3),1)-WEEKDAY(DATE(YEAR($B$3),MONTH($B$3),1),1)+1+23)=MONTH($B$3),DATE(YEAR($B$3),MONTH($B$3),1)-WEEKDAY(DATE(YEAR($B$3),MONTH($B$3),1),1)+1+23,""),"") -> 46196 | E12: =IFERROR(IF(MONTH(DATE(YEAR($B$3),MONTH($B$3),1)-WEEKDAY(DATE(YEAR($B$3),MONTH($B$3),1),1)+1+24)=MONTH($B$3),DATE(YEAR($B$3),MONTH($B$3),1)-WEEKDAY(DATE(YEAR($B$3),MONTH($B$3),1),1)+1+24,""),"") -> 46197 | F12: =IFERROR(IF(MONTH(DATE(YEAR($B$3),MONTH($B$3),1)-WEEKDAY(DATE(YEAR($B$3),MONTH($B$3),1),1)+1+25)=MONTH($B$3),DATE(YEAR($B$3),MONTH($B$3),1)-WEEKDAY(DATE(YEAR($B$3),MONTH($B$3),1),1)+1+25,""),"") -> 46198 | G12: =IFERROR(IF(MONTH(DATE(YEAR($B$3),MONTH($B$3),1)-WEEKDAY(DATE(YEAR($B$3),MONTH($B$3),1),1)+1+26)=MONTH($B$3),DATE(YEAR($B$3),MONTH($B$3),1)-WEEKDAY(DATE(YEAR($B$3),MONTH($B$3),1),1)+1+26,""),"") -> 46199 | H12: =IFERROR(IF(MONTH(DATE(YEAR($B$3),MONTH($B$3),1)-WEEKDAY(DATE(YEAR($B$3),MONTH($B$3),1),1)+1+27)=MONTH($B$3),DATE(YEAR($B$3),MONTH($B$3),1)-WEEKDAY(DATE(YEAR($B$3),MONTH($B$3),1),1)+1+27,""),"") -> 46200
B13: =IFERROR(IF(B12=""," ",IF(COUNTIFS(②予約入力!$B$4:$B$206,B12,②予約入力!$I$4:$I$206,"<>キャンセル")=0,"－",COUNTIFS(②予約入力!$B$4:$B$206,B12,②予約入力!$I$4:$I$206,"<>キャンセル")&"件"))," ") -> － | C13: =IFERROR(IF(C12=""," ",IF(COUNTIFS(②予約入力!$B$4:$B$206,C12,②予約入力!$I$4:$I$206,"<>キャンセル")=0,"－",COUNTIFS(②予約入力!$B$4:$B$206,C12,②予約入力!$I$4:$I$206,"<>キャンセル")&"件"))," ") -> － | D13: =IFERROR(IF(D12=""," ",IF(COUNTIFS(②予約入力!$B$4:$B$206,D12,②予約入力!$I$4:$I$206,"<>キャンセル")=0,"－",COUNTIFS(②予約入力!$B$4:$B$206,D12,②予約入力!$I$4:$I$206,"<>キャンセル")&"件"))," ") -> － | E13: =IFERROR(IF(E12=""," ",IF(COUNTIFS(②予約入力!$B$4:$B$206,E12,②予約入力!$I$4:$I$206,"<>キャンセル")=0,"－",COUNTIFS(②予約入力!$B$4:$B$206,E12,②予約入力!$I$4:$I$206,"<>キャンセル")&"件"))," ") -> － | F13: =IFERROR(IF(F12=""," ",IF(COUNTIFS(②予約入力!$B$4:$B$206,F12,②予約入力!$I$4:$I$206,"<>キャンセル")=0,"－",COUNTIFS(②予約入力!$B$4:$B$206,F12,②予約入力!$I$4:$I$206,"<>キャンセル")&"件"))," ") -> － | G13: =IFERROR(IF(G12=""," ",IF(COUNTIFS(②予約入力!$B$4:$B$206,G12,②予約入力!$I$4:$I$206,"<>キャンセル")=0,"－",COUNTIFS(②予約入力!$B$4:$B$206,G12,②予約入力!$I$4:$I$206,"<>キャンセル")&"件"))," ") -> － | H13: =IFERROR(IF(H12=""," ",IF(COUNTIFS(②予約入力!$B$4:$B$206,H12,②予約入力!$I$4:$I$206,"<>キャンセル")=0,"－",COUNTIFS(②予約入力!$B$4:$B$206,H12,②予約入力!$I$4:$I$206,"<>キャンセル")&"件"))," ") -> －
B14: =IFERROR(IF(MONTH(DATE(YEAR($B$3),MONTH($B$3),1)-WEEKDAY(DATE(YEAR($B$3),MONTH($B$3),1),1)+1+28)=MONTH($B$3),DATE(YEAR($B$3),MONTH($B$3),1)-WEEKDAY(DATE(YEAR($B$3),MONTH($B$3),1),1)+1+28,""),"") -> 46201 | C14: =IFERROR(IF(MONTH(DATE(YEAR($B$3),MONTH($B$3),1)-WEEKDAY(DATE(YEAR($B$3),MONTH($B$3),1),1)+1+29)=MONTH($B$3),DATE(YEAR($B$3),MONTH($B$3),1)-WEEKDAY(DATE(YEAR($B$3),MONTH($B$3),1),1)+1+29,""),"") -> 46202 | D14: =IFERROR(IF(MONTH(DATE(YEAR($B$3),MONTH($B$3),1)-WEEKDAY(DATE(YEAR($B$3),MONTH($B$3),1),1)+1+30)=MONTH($B$3),DATE(YEAR($B$3),MONTH($B$3),1)-WEEKDAY(DATE(YEAR($B$3),MONTH($B$3),1),1)+1+30,""),"") -> 46203 | E14: =IFERROR(IF(MONTH(DATE(YEAR($B$3),MONTH($B$3),1)-WEEKDAY(DATE(YEAR($B$3),MONTH($B$3),1),1)+1+31)=MONTH($B$3),DATE(YEAR($B$3),MONTH($B$3),1)-WEEKDAY(DATE(YEAR($B$3),MONTH($B$3),1),1)+1+31,""),"") | F14: =IFERROR(IF(MONTH(DATE(YEAR($B$3),MONTH($B$3),1)-WEEKDAY(DATE(YEAR($B$3),MONTH($B$3),1),1)+1+32)=MONTH($B$3),DATE(YEAR($B$3),MONTH($B$3),1)-WEEKDAY(DATE(YEAR($B$3),MONTH($B$3),1),1)+1+32,""),"") | G14: =IFERROR(IF(MONTH(DATE(YEAR($B$3),MONTH($B$3),1)-WEEKDAY(DATE(YEAR($B$3),MONTH($B$3),1),1)+1+33)=MONTH($B$3),DATE(YEAR($B$3),MONTH($B$3),1)-WEEKDAY(DATE(YEAR($B$3),MONTH($B$3),1),1)+1+33,""),"") | H14: =IFERROR(IF(MONTH(DATE(YEAR($B$3),MONTH($B$3),1)-WEEKDAY(DATE(YEAR($B$3),MONTH($B$3),1),1)+1+34)=MONTH($B$3),DATE(YEAR($B$3),MONTH($B$3),1)-WEEKDAY(DATE(YEAR($B$3),MONTH($B$3),1),1)+1+34,""),"")
B15: =IFERROR(IF(B14=""," ",IF(COUNTIFS(②予約入力!$B$4:$B$206,B14,②予約入力!$I$4:$I$206,"<>キャンセル")=0,"－",COUNTIFS(②予約入力!$B$4:$B$206,B14,②予約入力!$I$4:$I$206,"<>キャンセル")&"件"))," ") -> － | C15: =IFERROR(IF(C14=""," ",IF(COUNTIFS(②予約入力!$B$4:$B$206,C14,②予約入力!$I$4:$I$206,"<>キャンセル")=0,"－",COUNTIFS(②予約入力!$B$4:$B$206,C14,②予約入力!$I$4:$I$206,"<>キャンセル")&"件"))," ") -> － | D15: =IFERROR(IF(D14=""," ",IF(COUNTIFS(②予約入力!$B$4:$B$206,D14,②予約入力!$I$4:$I$206,"<>キャンセル")=0,"－",COUNTIFS(②予約入力!$B$4:$B$206,D14,②予約入力!$I$4:$I$206,"<>キャンセル")&"件"))," ") -> － | E15: =IFERROR(IF(E14=""," ",IF(COUNTIFS(②予約入力!$B$4:$B$206,E14,②予約入力!$I$4:$I$206,"<>キャンセル")=0,"－",COUNTIFS(②予約入力!$B$4:$B$206,E14,②予約入力!$I$4:$I$206,"<>キャンセル")&"件"))," ") | F15: =IFERROR(IF(F14=""," ",IF(COUNTIFS(②予約入力!$B$4:$B$206,F14,②予約入力!$I$4:$I$206,"<>キャンセル")=0,"－",COUNTIFS(②予約入力!$B$4:$B$206,F14,②予約入力!$I$4:$I$206,"<>キャンセル")&"件"))," ") | G15: =IFERROR(IF(G14=""," ",IF(COUNTIFS(②予約入力!$B$4:$B$206,G14,②予約入力!$I$4:$I$206,"<>キャンセル")=0,"－",COUNTIFS(②予約入力!$B$4:$B$206,G14,②予約入力!$I$4:$I$206,"<>キャンセル")&"件"))," ") | H15: =IFERROR(IF(H14=""," ",IF(COUNTIFS(②予約入力!$B$4:$B$206,H14,②予約入力!$I$4:$I$206,"<>キャンセル")=0,"－",COUNTIFS(②予約入力!$B$4:$B$206,H14,②予約入力!$I$4:$I$206,"<>キャンセル")&"件"))," ")
B16: =IFERROR(IF(MONTH(DATE(YEAR($B$3),MONTH($B$3),1)-WEEKDAY(DATE(YEAR($B$3),MONTH($B$3),1),1)+1+35)=MONTH($B$3),DATE(YEAR($B$3),MONTH($B$3),1)-WEEKDAY(DATE(YEAR($B$3),MONTH($B$3),1),1)+1+35,""),"") | C16: =IFERROR(IF(MONTH(DATE(YEAR($B$3),MONTH($B$3),1)-WEEKDAY(DATE(YEAR($B$3),MONTH($B$3),1),1)+1+36)=MONTH($B$3),DATE(YEAR($B$3),MONTH($B$3),1)-WEEKDAY(DATE(YEAR($B$3),MONTH($B$3),1),1)+1+36,""),"") | D16: =IFERROR(IF(MONTH(DATE(YEAR($B$3),MONTH($B$3),1)-WEEKDAY(DATE(YEAR($B$3),MONTH($B$3),1),1)+1+37)=MONTH($B$3),DATE(YEAR($B$3),MONTH($B$3),1)-WEEKDAY(DATE(YEAR($B$3),MONTH($B$3),1),1)+1+37,""),"") | E16: =IFERROR(IF(MONTH(DATE(YEAR($B$3),MONTH($B$3),1)-WEEKDAY(DATE(YEAR($B$3),MONTH($B$3),1),1)+1+38)=MONTH($B$3),DATE(YEAR($B$3),MONTH($B$3),1)-WEEKDAY(DATE(YEAR($B$3),MONTH($B$3),1),1)+1+38,""),"") | F16: =IFERROR(IF(MONTH(DATE(YEAR($B$3),MONTH($B$3),1)-WEEKDAY(DATE(YEAR($B$3),MONTH($B$3),1),1)+1+39)=MONTH($B$3),DATE(YEAR($B$3),MONTH($B$3),1)-WEEKDAY(DATE(YEAR($B$3),MONTH($B$3),1),1)+1+39,""),"") | G16: =IFERROR(IF(MONTH(DATE(YEAR($B$3),MONTH($B$3),1)-WEEKDAY(DATE(YEAR($B$3),MONTH($B$3),1),1)+1+40)=MONTH($B$3),DATE(YEAR($B$3),MONTH($B$3),1)-WEEKDAY(DATE(YEAR($B$3),MONTH($B$3),1),1)+1+40,""),"") | H16: =IFERROR(IF(MONTH(DATE(YEAR($B$3),MONTH($B$3),1)-WEEKDAY(DATE(YEAR($B$3),MONTH($B$3),1),1)+1+41)=MONTH($B$3),DATE(YEAR($B$3),MONTH($B$3),1)-WEEKDAY(DATE(YEAR($B$3),MONTH($B$3),1),1)+1+41,""),"")
B17: =IFERROR(IF(B16=""," ",IF(COUNTIFS(②予約入力!$B$4:$B$206,B16,②予約入力!$I$4:$I$206,"<>キャンセル")=0,"－",COUNTIFS(②予約入力!$B$4:$B$206,B16,②予約入力!$I$4:$I$206,"<>キャンセル")&"件"))," ") | C17: =IFERROR(IF(C16=""," ",IF(COUNTIFS(②予約入力!$B$4:$B$206,C16,②予約入力!$I$4:$I$206,"<>キャンセル")=0,"－",COUNTIFS(②予約入力!$B$4:$B$206,C16,②予約入力!$I$4:$I$206,"<>キャンセル")&"件"))," ") | D17: =IFERROR(IF(D16=""," ",IF(COUNTIFS(②予約入力!$B$4:$B$206,D16,②予約入力!$I$4:$I$206,"<>キャンセル")=0,"－",COUNTIFS(②予約入力!$B$4:$B$206,D16,②予約入力!$I$4:$I$206,"<>キャンセル")&"件"))," ") | E17: =IFERROR(IF(E16=""," ",IF(COUNTIFS(②予約入力!$B$4:$B$206,E16,②予約入力!$I$4:$I$206,"<>キャンセル")=0,"－",COUNTIFS(②予約入力!$B$4:$B$206,E16,②予約入力!$I$4:$I$206,"<>キャンセル")&"件"))," ") | F17: =IFERROR(IF(F16=""," ",IF(COUNTIFS(②予約入力!$B$4:$B$206,F16,②予約入力!$I$4:$I$206,"<>キャンセル")=0,"－",COUNTIFS(②予約入力!$B$4:$B$206,F16,②予約入力!$I$4:$I$206,"<>キャンセル")&"件"))," ") | G17: =IFERROR(IF(G16=""," ",IF(COUNTIFS(②予約入力!$B$4:$B$206,G16,②予約入力!$I$4:$I$206,"<>キャンセル")=0,"－",COUNTIFS(②予約入力!$B$4:$B$206,G16,②予約入力!$I$4:$I$206,"<>キャンセル")&"件"))," ") | H17: =IFERROR(IF(H16=""," ",IF(COUNTIFS(②予約入力!$B$4:$B$206,H16,②予約入力!$I$4:$I$206,"<>キャンセル")=0,"－",COUNTIFS(②予約入力!$B$4:$B$206,H16,②予約入力!$I$4:$I$206,"<>キャンセル")&"件"))," ")

Sheet ④時間帯表（日表示）
A1: ④ 時間帯表（日表示） ― 1日のスケジュールを担当者×時間帯で確認します
A2: ※ B3セルに確認したい日付を入力してください。②予約入力の当日分が自動表示されます。
A3: 確認日 | B3: 46183 | C3: ← ここに確認したい日付を入力してください
B5: 田中 | C5: 佐藤 | D5: 鈴木 | E5: スタッフ追加可
A6: 09:00 | B6: =IFERROR(IF(COUNTIFS(②予約入力!$B$4:$B$206,$B$3,②予約入力!$H$4:$H$206,"田中",②予約入力!$C$4:$C$206,"<="&TIMEVALUE("09:00"),②予約入力!$D$4:$D$206,">"&TIMEVALUE("09:00"))>0,INDEX(②予約入力!$F$4:$F$206,MATCH(1,(②予約入力!$B$4:$B$206=$B$3)*(②予約入力!$H$4:$H$206="田中")*(②予約入力!$C$4:$C$206<=TIMEVALUE("09:00"))*(②予約入力!$D$4:$D$206>TIMEVALUE("09:00")),0)),""),"") | C6: =IFERROR(IF(COUNTIFS(②予約入力!$B$4:$B$206,$B$3,②予約入力!$H$4:$H$206,"佐藤",②予約入力!$C$4:$C$206,"<="&TIMEVALUE("09:00"),②予約入力!$D$4:$D$206,">"&TIMEVALUE("09:00"))>0,INDEX(②予約入力!$F$4:$F$206,MATCH(1,(②予約入力!$B$4:$B$206=$B$3)*(②予約入力!$H$4:$H$206="佐藤")*(②予約入力!$C$4:$C$206<=TIMEVALUE("09:00"))*(②予約入力!$D$4:$D$206>TIMEVALUE("09:00")),0)),""),"") | D6: =IFERROR(IF(COUNTIFS(②予約入力!$B$4:$B$206,$B$3,②予約入力!$H$4:$H$206,"鈴木",②予約入力!$C$4:$C$206,"<="&TIMEVALUE("09:00"),②予約入力!$D$4:$D$206,">"&TIMEVALUE("09:00"))>0,INDEX(②予約入力!$F$4:$F$206,MATCH(1,(②予約入力!$B$4:$B$206=$B$3)*(②予約入力!$H$4:$H$206="鈴木")*(②予約入力!$C$4:$C$206<=TIMEVALUE("09:00"))*(②予約入力!$D$4:$D$206>TIMEVALUE("09:00")),0)),""),"")
A7: 09:30 | B7: =IFERROR(IF(COUNTIFS(②予約入力!$B$4:$B$206,$B$3,②予約入力!$H$4:$H$206,"田中",②予約入力!$C$4:$C$206,"<="&TIMEVALUE("09:30"),②予約入力!$D$4:$D$206,">"&TIMEVALUE("09:30"))>0,INDEX(②予約入力!$F$4:$F$206,MATCH(1,(②予約入力!$B$4:$B$206=$B$3)*(②予約入力!$H$4:$H$206="田中")*(②予約入力!$C$4:$C$206<=TIMEVALUE("09:30"))*(②予約入力!$D$4:$D$206>TIMEVALUE("09:30")),0)),""),"") | C7: =IFERROR(IF(COUNTIFS(②予約入力!$B$4:$B$206,$B$3,②予約入力!$H$4:$H$206,"佐藤",②予約入力!$C$4:$C$206,"<="&TIMEVALUE("09:30"),②予約入力!$D$4:$D$206,">"&TIMEVALUE("09:30"))>0,INDEX(②予約入力!$F$4:$F$206,MATCH(1,(②予約入力!$B$4:$B$206=$B$3)*(②予約入力!$H$4:$H$206="佐藤")*(②予約入力!$C$4:$C$206<=TIMEVALUE("09:30"))*(②予約入力!$D$4:$D$206>TIMEVALUE("09:30")),0)),""),"") | D7: =IFERROR(IF(COUNTIFS(②予約入力!$B$4:$B$206,$B$3,②予約入力!$H$4:$H$206,"鈴木",②予約入力!$C$4:$C$206,"<="&TIMEVALUE("09:30"),②予約入力!$D$4:$D$206,">"&TIMEVALUE("09:30"))>0,INDEX(②予約入力!$F$4:$F$206,MATCH(1,(②予約入力!$B$4:$B$206=$B$3)*(②予約入力!$H$4:$H$206="鈴木")*(②予約入力!$C$4:$C$206<=TIMEVALUE("09:30"))*(②予約入力!$D$4:$D$206>TIMEVALUE("09:30")),0)),""),"")
A8: 10:00 | B8: =IFERROR(IF(COUNTIFS(②予約入力!$B$4:$B$206,$B$3,②予約入力!$H$4:$H$206,"田中",②予約入力!$C$4:$C$206,"<="&TIMEVALUE("10:00"),②予約入力!$D$4:$D$206,">"&TIMEVALUE("10:00"))>0,INDEX(②予約入力!$F$4:$F$206,MATCH(1,(②予約入力!$B$4:$B$206=$B$3)*(②予約入力!$H$4:$H$206="田中")*(②予約入力!$C$4:$C$206<=TIMEVALUE("10:00"))*(②予約入力!$D$4:$D$206>TIMEVALUE("10:00")),0)),""),"") | C8: =IFERROR(IF(COUNTIFS(②予約入力!$B$4:$B$206,$B$3,②予約入力!$H$4:$H$206,"佐藤",②予約入力!$C$4:$C$206,"<="&TIMEVALUE("10:00"),②予約入力!$D$4:$D$206,">"&TIMEVALUE("10:00"))>0,INDEX(②予約入力!$F$4:$F$206,MATCH(1,(②予約入力!$B$4:$B$206=$B$3)*(②予約入力!$H$4:$H$206="佐藤")*(②予約入力!$C$4:$C$206<=TIMEVALUE("10:00"))*(②予約入力!$D$4:$D$206>TIMEVALUE("10:00")),0)),""),"") | D8: =IFERROR(IF(COUNTIFS(②予約入力!$B$4:$B$206,$B$3,②予約入力!$H$4:$H$206,"鈴木",②予約入力!$C$4:$C$206,"<="&TIMEVALUE("10:00"),②予約入力!$D$4:$D$206,">"&TIMEVALUE("10:00"))>0,INDEX(②予約入力!$F$4:$F$206,MATCH(1,(②予約入力!$B$4:$B$206=$B$3)*(②予約入力!$H$4:$H$206="鈴木")*(②予約入力!$C$4:$C$206<=TIMEVALUE("10:00"))*(②予約入力!$D$4:$D$206>TIMEVALUE("10:00")),0)),""),"")
A9: 10:30 | B9: =IFERROR(IF(COUNTIFS(②予約入力!$B$4:$B$206,$B$3,②予約入力!$H$4:$H$206,"田中",②予約入力!$C$4:$C$206,"<="&TIMEVALUE("10:30"),②予約入力!$D$4:$D$206,">"&TIMEVALUE("10:30"))>0,INDEX(②予約入力!$F$4:$F$206,MATCH(1,(②予約入力!$B$4:$B$206=$B$3)*(②予約入力!$H$4:$H$206="田中")*(②予約入力!$C$4:$C$206<=TIMEVALUE("10:30"))*(②予約入力!$D$4:$D$206>TIMEVALUE("10:30")),0)),""),"") | C9: =IFERROR(IF(COUNTIFS(②予約入力!$B$4:$B$206,$B$3,②予約入力!$H$4:$H$206,"佐藤",②予約入力!$C$4:$C$206,"<="&TIMEVALUE("10:30"),②予約入力!$D$4:$D$206,">"&TIMEVALUE("10:30"))>0,INDEX(②予約入力!$F$4:$F$206,MATCH(1,(②予約入力!$B$4:$B$206=$B$3)*(②予約入力!$H$4:$H$206="佐藤")*(②予約入力!$C$4:$C$206<=TIMEVALUE("10:30"))*(②予約入力!$D$4:$D$206>TIMEVALUE("10:30")),0)),""),"") | D9: =IFERROR(IF(COUNTIFS(②予約入力!$B$4:$B$206,$B$3,②予約入力!$H$4:$H$206,"鈴木",②予約入力!$C$4:$C$206,"<="&TIMEVALUE("10:30"),②予約入力!$D$4:$D$206,">"&TIMEVALUE("10:30"))>0,INDEX(②予約入力!$F$4:$F$206,MATCH(1,(②予約入力!$B$4:$B$206=$B$3)*(②予約入力!$H$4:$H$206="鈴木")*(②予約入力!$C$4:$C$206<=TIMEVALUE("10:30"))*(②予約入力!$D$4:$D$206>TIMEVALUE("10:30")),0)),""),"")
A10: 11:00 | B10: =IFERROR(IF(COUNTIFS(②予約入力!$B$4:$B$206,$B$3,②予約入力!$H$4:$H$206,"田中",②予約入力!$C$4:$C$206,"<="&TIMEVALUE("11:00"),②予約入力!$D$4:$D$206,">"&TIMEVALUE("11:00"))>0,INDEX(②予約入力!$F$4:$F$206,MATCH(1,(②予約入力!$B$4:$B$206=$B$3)*(②予約入力!$H$4:$H$206="田中")*(②予約入力!$C$4:$C$206<=TIMEVALUE("11:00"))*(②予約入力!$D$4:$D$206>TIMEVALUE("11:00")),0)),""),"") | C10: =IFERROR(IF(COUNTIFS(②予約入力!$B$4:$B$206,$B$3,②予約入力!$H$4:$H$206,"佐藤",②予約入力!$C$4:$C$206,"<="&TIMEVALUE("11:00"),②予約入力!$D$4:$D$206,">"&TIMEVALUE("11:00"))>0,INDEX(②予約入力!$F$4:$F$206,MATCH(1,(②予約入力!$B$4:$B$206=$B$3)*(②予約入力!$H$4:$H$206="佐藤")*(②予約入力!$C$4:$C$206<=TIMEVALUE("11:00"))*(②予約入力!$D$4:$D$206>TIMEVALUE("11:00")),0)),""),"") | D10: =IFERROR(IF(COUNTIFS(②予約入力!$B$4:$B$206,$B$3,②予約入力!$H$4:$H$206,"鈴木",②予約入力!$C$4:$C$206,"<="&TIMEVALUE("11:00"),②予約入力!$D$4:$D$206,">"&TIMEVALUE("11:00"))>0,INDEX(②予約入力!$F$4:$F$206,MATCH(1,(②予約入力!$B$4:$B$206=$B$3)*(②予約入力!$H$4:$H$206="鈴木")*(②予約入力!$C$4:$C$206<=TIMEVALUE("11:00"))*(②予約入力!$D$4:$D$206>TIMEVALUE("11:00")),0)),""),"")
A11: 11:30 | B11: =IFERROR(IF(COUNTIFS(②予約入力!$B$4:$B$206,$B$3,②予約入力!$H$4:$H$206,"田中",②予約入力!$C$4:$C$206,"<="&TIMEVALUE("11:30"),②予約入力!$D$4:$D$206,">"&TIMEVALUE("11:30"))>0,INDEX(②予約入力!$F$4:$F$206,MATCH(1,(②予約入力!$B$4:$B$206=$B$3)*(②予約入力!$H$4:$H$206="田中")*(②予約入力!$C$4:$C$206<=TIMEVALUE("11:30"))*(②予約入力!$D$4:$D$206>TIMEVALUE("11:30")),0)),""),"") | C11: =IFERROR(IF(COUNTIFS(②予約入力!$B$4:$B$206,$B$3,②予約入力!$H$4:$H$206,"佐藤",②予約入力!$C$4:$C$206,"<="&TIMEVALUE("11:30"),②予約入力!$D$4:$D$206,">"&TIMEVALUE("11:30"))>0,INDEX(②予約入力!$F$4:$F$206,MATCH(1,(②予約入力!$B$4:$B$206=$B$3)*(②予約入力!$H$4:$H$206="佐藤")*(②予約入力!$C$4:$C$206<=TIMEVALUE("11:30"))*(②予約入力!$D$4:$D$206>TIMEVALUE("11:30")),0)),""),"") | D11: =IFERROR(IF(COUNTIFS(②予約入力!$B$4:$B$206,$B$3,②予約入力!$H$4:$H$206,"鈴木",②予約入力!$C$4:$C$206,"<="&TIMEVALUE("11:30"),②予約入力!$D$4:$D$206,">"&TIMEVALUE("11:30"))>0,INDEX(②予約入力!$F$4:$F$206,MATCH(1,(②予約入力!$B$4:$B$206=$B$3)*(②予約入力!$H$4:$H$206="鈴木")*(②予約入力!$C$4:$C$206<=TIMEVALUE("11:30"))*(②予約入力!$D$4:$D$206>TIMEVALUE("11:30")),0)),""),"")
A12: 12:00 | B12: =IFERROR(IF(COUNTIFS(②予約入力!$B$4:$B$206,$B$3,②予約入力!$H$4:$H$206,"田中",②予約入力!$C$4:$C$206,"<="&TIMEVALUE("12:00"),②予約入力!$D$4:$D$206,">"&TIMEVALUE("12:00"))>0,INDEX(②予約入力!$F$4:$F$206,MATCH(1,(②予約入力!$B$4:$B$206=$B$3)*(②予約入力!$H$4:$H$206="田中")*(②予約入力!$C$4:$C$206<=TIMEVALUE("12:00"))*(②予約入力!$D$4:$D$206>TIMEVALUE("12:00")),0)),""),"") | C12: =IFERROR(IF(COUNTIFS(②予約入力!$B$4:$B$206,$B$3,②予約入力!$H$4:$H$206,"佐藤",②予約入力!$C$4:$C$206,"<="&TIMEVALUE("12:00"),②予約入力!$D$4:$D$206,">"&TIMEVALUE("12:00"))>0,INDEX(②予約入力!$F$4:$F$206,MATCH(1,(②予約入力!$B$4:$B$206=$B$3)*(②予約入力!$H$4:$H$206="佐藤")*(②予約入力!$C$4:$C$206<=TIMEVALUE("12:00"))*(②予約入力!$D$4:$D$206>TIMEVALUE("12:00")),0)),""),"") | D12: =IFERROR(IF(COUNTIFS(②予約入力!$B$4:$B$206,$B$3,②予約入力!$H$4:$H$206,"鈴木",②予約入力!$C$4:$C$206,"<="&TIMEVALUE("12:00"),②予約入力!$D$4:$D$206,">"&TIMEVALUE("12:00"))>0,INDEX(②予約入力!$F$4:$F$206,MATCH(1,(②予約入力!$B$4:$B$206=$B$3)*(②予約入力!$H$4:$H$206="鈴木")*(②予約入力!$C$4:$C$206<=TIMEVALUE("12:00"))*(②予約入力!$D$4:$D$206>TIMEVALUE("12:00")),0)),""),"")
A13: 12:30 | B13: =IFERROR(IF(COUNTIFS(②予約入力!$B$4:$B$206,$B$3,②予約入力!$H$4:$H$206,"田中",②予約入力!$C$4:$C$206,"<="&TIMEVALUE("12:30"),②予約入力!$D$4:$D$206,">"&TIMEVALUE("12:30"))>0,INDEX(②予約入力!$F$4:$F$206,MATCH(1,(②予約入力!$B$4:$B$206=$B$3)*(②予約入力!$H$4:$H$206="田中")*(②予約入力!$C$4:$C$206<=TIMEVALUE("12:30"))*(②予約入力!$D$4:$D$206>TIMEVALUE("12:30")),0)),""),"") | C13: =IFERROR(IF(COUNTIFS(②予約入力!$B$4:$B$206,$B$3,②予約入力!$H$4:$H$206,"佐藤",②予約入力!$C$4:$C$206,"<="&TIMEVALUE("12:30"),②予約入力!$D$4:$D$206,">"&TIMEVALUE("12:30"))>0,INDEX(②予約入力!$F$4:$F$206,MATCH(1,(②予約入力!$B$4:$B$206=$B$3)*(②予約入力!$H$4:$H$206="佐藤")*(②予約入力!$C$4:$C$206<=TIMEVALUE("12:30"))*(②予約入力!$D$4:$D$206>TIMEVALUE("12:30")),0)),""),"") | D13: =IFERROR(IF(COUNTIFS(②予約入力!$B$4:$B$206,$B$3,②予約入力!$H$4:$H$206,"鈴木",②予約入力!$C$4:$C$206,"<="&TIMEVALUE("12:30"),②予約入力!$D$4:$D$206,">"&TIMEVALUE("12:30"))>0,INDEX(②予約入力!$F$4:$F$206,MATCH(1,(②予約入力!$B$4:$B$206=$B$3)*(②予約入力!$H$4:$H$206="鈴木")*(②予約入力!$C$4:$C$206<=TIMEVALUE("12:30"))*(②予約入力!$D$4:$D$206>TIMEVALUE("12:30")),0)),""),"")
A14: 13:00 | B14: =IFERROR(IF(COUNTIFS(②予約入力!$B$4:$B$206,$B$3,②予約入力!$H$4:$H$206,"田中",②予約入力!$C$4:$C$206,"<="&TIMEVALUE("13:00"),②予約入力!$D$4:$D$206,">"&TIMEVALUE("13:00"))>0,INDEX(②予約入力!$F$4:$F$206,MATCH(1,(②予約入力!$B$4:$B$206=$B$3)*(②予約入力!$H$4:$H$206="田中")*(②予約入力!$C$4:$C$206<=TIMEVALUE("13:00"))*(②予約入力!$D$4:$D$206>TIMEVALUE("13:00")),0)),""),"") | C14: =IFERROR(IF(COUNTIFS(②予約入力!$B$4:$B$206,$B$3,②予約入力!$H$4:$H$206,"佐藤",②予約入力!$C$4:$C$206,"<="&TIMEVALUE("13:00"),②予約入力!$D$4:$D$206,">"&TIMEVALUE("13:00"))>0,INDEX(②予約入力!$F$4:$F$206,MATCH(1,(②予約入力!$B$4:$B$206=$B$3)*(②予約入力!$H$4:$H$206="佐藤")*(②予約入力!$C$4:$C$206<=TIMEVALUE("13:00"))*(②予約入力!$D$4:$D$206>TIMEVALUE("13:00")),0)),""),"") | D14: =IFERROR(IF(COUNTIFS(②予約入力!$B$4:$B$206,$B$3,②予約入力!$H$4:$H$206,"鈴木",②予約入力!$C$4:$C$206,"<="&TIMEVALUE("13:00"),②予約入力!$D$4:$D$206,">"&TIMEVALUE("13:00"))>0,INDEX(②予約入力!$F$4:$F$206,MATCH(1,(②予約入力!$B$4:$B$206=$B$3)*(②予約入力!$H$4:$H$206="鈴木")*(②予約入力!$C$4:$C$206<=TIMEVALUE("13:00"))*(②予約入力!$D$4:$D$206>TIMEVALUE("13:00")),0)),""),"")
A15: 13:30 | B15: =IFERROR(IF(COUNTIFS(②予約入力!$B$4:$B$206,$B$3,②予約入力!$H$4:$H$206,"田中",②予約入力!$C$4:$C$206,"<="&TIMEVALUE("13:30"),②予約入力!$D$4:$D$206,">"&TIMEVALUE("13:30"))>0,INDEX(②予約入力!$F$4:$F$206,MATCH(1,(②予約入力!$B$4:$B$206=$B$3)*(②予約入力!$H$4:$H$206="田中")*(②予約入力!$C$4:$C$206<=TIMEVALUE("13:30"))*(②予約入力!$D$4:$D$206>TIMEVALUE("13:30")),0)),""),"") | C15: =IFERROR(IF(COUNTIFS(②予約入力!$B$4:$B$206,$B$3,②予約入力!$H$4:$H$206,"佐藤",②予約入力!$C$4:$C$206,"<="&TIMEVALUE("13:30"),②予約入力!$D$4:$D$206,">"&TIMEVALUE("13:30"))>0,INDEX(②予約入力!$F$4:$F$206,MATCH(1,(②予約入力!$B$4:$B$206=$B$3)*(②予約入力!$H$4:$H$206="佐藤")*(②予約入力!$C$4:$C$206<=TIMEVALUE("13:30"))*(②予約入力!$D$4:$D$206>TIMEVALUE("13:30")),0)),""),"") | D15: =IFERROR(IF(COUNTIFS(②予約入力!$B$4:$B$206,$B$3,②予約入力!$H$4:$H$206,"鈴木",②予約入力!$C$4:$C$206,"<="&TIMEVALUE("13:30"),②予約入力!$D$4:$D$206,">"&TIMEVALUE("13:30"))>0,INDEX(②予約入力!$F$4:$F$206,MATCH(1,(②予約入力!$B$4:$B$206=$B$3)*(②予約入力!$H$4:$H$206="鈴木")*(②予約入力!$C$4:$C$206<=TIMEVALUE("13:30"))*(②予約入力!$D$4:$D$206>TIMEVALUE("13:30")),0)),""),"")
A16: 14:00 | B16: =IFERROR(IF(COUNTIFS(②予約入力!$B$4:$B$206,$B$3,②予約入力!$H$4:$H$206,"田中",②予約入力!$C$4:$C$206,"<="&TIMEVALUE("14:00"),②予約入力!$D$4:$D$206,">"&TIMEVALUE("14:00"))>0,INDEX(②予約入力!$F$4:$F$206,MATCH(1,(②予約入力!$B$4:$B$206=$B$3)*(②予約入力!$H$4:$H$206="田中")*(②予約入力!$C$4:$C$206<=TIMEVALUE("14:00"))*(②予約入力!$D$4:$D$206>TIMEVALUE("14:00")),0)),""),"") | C16: =IFERROR(IF(COUNTIFS(②予約入力!$B$4:$B$206,$B$3,②予約入力!$H$4:$H$206,"佐藤",②予約入力!$C$4:$C$206,"<="&TIMEVALUE("14:00"),②予約入力!$D$4:$D$206,">"&TIMEVALUE("14:00"))>0,INDEX(②予約入力!$F$4:$F$206,MATCH(1,(②予約入力!$B$4:$B$206=$B$3)*(②予約入力!$H$4:$H$206="佐藤")*(②予約入力!$C$4:$C$206<=TIMEVALUE("14:00"))*(②予約入力!$D$4:$D$206>TIMEVALUE("14:00")),0)),""),"") | D16: =IFERROR(IF(COUNTIFS(②予約入力!$B$4:$B$206,$B$3,②予約入力!$H$4:$H$206,"鈴木",②予約入力!$C$4:$C$206,"<="&TIMEVALUE("14:00"),②予約入力!$D$4:$D$206,">"&TIMEVALUE("14:00"))>0,INDEX(②予約入力!$F$4:$F$206,MATCH(1,(②予約入力!$B$4:$B$206=$B$3)*(②予約入力!$H$4:$H$206="鈴木")*(②予約入力!$C$4:$C$206<=TIMEVALUE("14:00"))*(②予約入力!$D$4:$D$206>TIMEVALUE("14:00")),0)),""),"")
A17: 14:30 | B17: =IFERROR(IF(COUNTIFS(②予約入力!$B$4:$B$206,$B$3,②予約入力!$H$4:$H$206,"田中",②予約入力!$C$4:$C$206,"<="&TIMEVALUE("14:30"),②予約入力!$D$4:$D$206,">"&TIMEVALUE("14:30"))>0,INDEX(②予約入力!$F$4:$F$206,MATCH(1,(②予約入力!$B$4:$B$206=$B$3)*(②予約入力!$H$4:$H$206="田中")*(②予約入力!$C$4:$C$206<=TIMEVALUE("14:30"))*(②予約入力!$D$4:$D$206>TIMEVALUE("14:30")),0)),""),"") | C17: =IFERROR(IF(COUNTIFS(②予約入力!$B$4:$B$206,$B$3,②予約入力!$H$4:$H$206,"佐藤",②予約入力!$C$4:$C$206,"<="&TIMEVALUE("14:30"),②予約入力!$D$4:$D$206,">"&TIMEVALUE("14:30"))>0,INDEX(②予約入力!$F$4:$F$206,MATCH(1,(②予約入力!$B$4:$B$206=$B$3)*(②予約入力!$H$4:$H$206="佐藤")*(②予約入力!$C$4:$C$206<=TIMEVALUE("14:30"))*(②予約入力!$D$4:$D$206>TIMEVALUE("14:30")),0)),""),"") | D17: =IFERROR(IF(COUNTIFS(②予約入力!$B$4:$B$206,$B$3,②予約入力!$H$4:$H$206,"鈴木",②予約入力!$C$4:$C$206,"<="&TIMEVALUE("14:30"),②予約入力!$D$4:$D$206,">"&TIMEVALUE("14:30"))>0,INDEX(②予約入力!$F$4:$F$206,MATCH(1,(②予約入力!$B$4:$B$206=$B$3)*(②予約入力!$H$4:$H$206="鈴木")*(②予約入力!$C$4:$C$206<=TIMEVALUE("14:30"))*(②予約入力!$D$4:$D$206>TIMEVALUE("14:30")),0)),""),"")
A18: 15:00 | B18: =IFERROR(IF(COUNTIFS(②予約入力!$B$4:$B$206,$B$3,②予約入力!$H$4:$H$206,"田中",②予約入力!$C$4:$C$206,"<="&TIMEVALUE("15:00"),②予約入力!$D$4:$D$206,">"&TIMEVALUE("15:00"))>0,INDEX(②予約入力!$F$4:$F$206,MATCH(1,(②予約入力!$B$4:$B$206=$B$3)*(②予約入力!$H$4:$H$206="田中")*(②予約入力!$C$4:$C$206<=TIMEVALUE("15:00"))*(②予約入力!$D$4:$D$206>TIMEVALUE("15:00")),0)),""),"") | C18: =IFERROR(IF(COUNTIFS(②予約入力!$B$4:$B$206,$B$3,②予約入力!$H$4:$H$206,"佐藤",②予約入力!$C$4:$C$206,"<="&TIMEVALUE("15:00"),②予約入力!$D$4:$D$206,">"&TIMEVALUE("15:00"))>0,INDEX(②予約入力!$F$4:$F$206,MATCH(1,(②予約入力!$B$4:$B$206=$B$3)*(②予約入力!$H$4:$H$206="佐藤")*(②予約入力!$C$4:$C$206<=TIMEVALUE("15:00"))*(②予約入力!$D$4:$D$206>TIMEVALUE("15:00")),0)),""),"") | D18: =IFERROR(IF(COUNTIFS(②予約入力!$B$4:$B$206,$B$3,②予約入力!$H$4:$H$206,"鈴木",②予約入力!$C$4:$C$206,"<="&TIMEVALUE("15:00"),②予約入力!$D$4:$D$206,">"&TIMEVALUE("15:00"))>0,INDEX(②予約入力!$F$4:$F$206,MATCH(1,(②予約入力!$B$4:$B$206=$B$3)*(②予約入力!$H$4:$H$206="鈴木")*(②予約入力!$C$4:$C$206<=TIMEVALUE("15:00"))*(②予約入力!$D$4:$D$206>TIMEVALUE("15:00")),0)),""),"")
A19: 15:30 | B19: =IFERROR(IF(COUNTIFS(②予約入力!$B$4:$B$206,$B$3,②予約入力!$H$4:$H$206,"田中",②予約入力!$C$4:$C$206,"<="&TIMEVALUE("15:30"),②予約入力!$D$4:$D$206,">"&TIMEVALUE("15:30"))>0,INDEX(②予約入力!$F$4:$F$206,MATCH(1,(②予約入力!$B$4:$B$206=$B$3)*(②予約入力!$H$4:$H$206="田中")*(②予約入力!$C$4:$C$206<=TIMEVALUE("15:30"))*(②予約入力!$D$4:$D$206>TIMEVALUE("15:30")),0)),""),"") | C19: =IFERROR(IF(COUNTIFS(②予約入力!$B$4:$B$206,$B$3,②予約入力!$H$4:$H$206,"佐藤",②予約入力!$C$4:$C$206,"<="&TIMEVALUE("15:30"),②予約入力!$D$4:$D$206,">"&TIMEVALUE("15:30"))>0,INDEX(②予約入力!$F$4:$F$206,MATCH(1,(②予約入力!$B$4:$B$206=$B$3)*(②予約入力!$H$4:$H$206="佐藤")*(②予約入力!$C$4:$C$206<=TIMEVALUE("15:30"))*(②予約入力!$D$4:$D$206>TIMEVALUE("15:30")),0)),""),"") | D19: =IFERROR(IF(COUNTIFS(②予約入力!$B$4:$B$206,$B$3,②予約入力!$H$4:$H$206,"鈴木",②予約入力!$C$4:$C$206,"<="&TIMEVALUE("15:30"),②予約入力!$D$4:$D$206,">"&TIMEVALUE("15:30"))>0,INDEX(②予約入力!$F$4:$F$206,MATCH(1,(②予約入力!$B$4:$B$206=$B$3)*(②予約入力!$H$4:$H$206="鈴木")*(②予約入力!$C$4:$C$206<=TIMEVALUE("15:30"))*(②予約入力!$D$4:$D$206>TIMEVALUE("15:30")),0)),""),"")
A20: 16:00 | B20: =IFERROR(IF(COUNTIFS(②予約入力!$B$4:$B$206,$B$3,②予約入力!$H$4:$H$206,"田中",②予約入力!$C$4:$C$206,"<="&TIMEVALUE("16:00"),②予約入力!$D$4:$D$206,">"&TIMEVALUE("16:00"))>0,INDEX(②予約入力!$F$4:$F$206,MATCH(1,(②予約入力!$B$4:$B$206=$B$3)*(②予約入力!$H$4:$H$206="田中")*(②予約入力!$C$4:$C$206<=TIMEVALUE("16:00"))*(②予約入力!$D$4:$D$206>TIMEVALUE("16:00")),0)),""),"") | C20: =IFERROR(IF(COUNTIFS(②予約入力!$B$4:$B$206,$B$3,②予約入力!$H$4:$H$206,"佐藤",②予約入力!$C$4:$C$206,"<="&TIMEVALUE("16:00"),②予約入力!$D$4:$D$206,">"&TIMEVALUE("16:00"))>0,INDEX(②予約入力!$F$4:$F$206,MATCH(1,(②予約入力!$B$4:$B$206=$B$3)*(②予約入力!$H$4:$H$206="佐藤")*(②予約入力!$C$4:$C$206<=TIMEVALUE("16:00"))*(②予約入力!$D$4:$D$206>TIMEVALUE("16:00")),0)),""),"") | D20: =IFERROR(IF(COUNTIFS(②予約入力!$B$4:$B$206,$B$3,②予約入力!$H$4:$H$206,"鈴木",②予約入力!$C$4:$C$206,"<="&TIMEVALUE("16:00"),②予約入力!$D$4:$D$206,">"&TIMEVALUE("16:00"))>0,INDEX(②予約入力!$F$4:$F$206,MATCH(1,(②予約入力!$B$4:$B$206=$B$3)*(②予約入力!$H$4:$H$206="鈴木")*(②予約入力!$C$4:$C$206<=TIMEVALUE("16:00"))*(②予約入力!$D$4:$D$206>TIMEVALUE("16:00")),0)),""),"")
A21: 16:30 | B21: =IFERROR(IF(COUNTIFS(②予約入力!$B$4:$B$206,$B$3,②予約入力!$H$4:$H$206,"田中",②予約入力!$C$4:$C$206,"<="&TIMEVALUE("16:30"),②予約入力!$D$4:$D$206,">"&TIMEVALUE("16:30"))>0,INDEX(②予約入力!$F$4:$F$206,MATCH(1,(②予約入力!$B$4:$B$206=$B$3)*(②予約入力!$H$4:$H$206="田中")*(②予約入力!$C$4:$C$206<=TIMEVALUE("16:30"))*(②予約入力!$D$4:$D$206>TIMEVALUE("16:30")),0)),""),"") | C21: =IFERROR(IF(COUNTIFS(②予約入力!$B$4:$B$206,$B$3,②予約入力!$H$4:$H$206,"佐藤",②予約入力!$C$4:$C$206,"<="&TIMEVALUE("16:30"),②予約入力!$D$4:$D$206,">"&TIMEVALUE("16:30"))>0,INDEX(②予約入力!$F$4:$F$206,MATCH(1,(②予約入力!$B$4:$B$206=$B$3)*(②予約入力!$H$4:$H$206="佐藤")*(②予約入力!$C$4:$C$206<=TIMEVALUE("16:30"))*(②予約入力!$D$4:$D$206>TIMEVALUE("16:30")),0)),""),"") | D21: =IFERROR(IF(COUNTIFS(②予約入力!$B$4:$B$206,$B$3,②予約入力!$H$4:$H$206,"鈴木",②予約入力!$C$4:$C$206,"<="&TIMEVALUE("16:30"),②予約入力!$D$4:$D$206,">"&TIMEVALUE("16:30"))>0,INDEX(②予約入力!$F$4:$F$206,MATCH(1,(②予約入力!$B$4:$B$206=$B$3)*(②予約入力!$H$4:$H$206="鈴木")*(②予約入力!$C$4:$C$206<=TIMEVALUE("16:30"))*(②予約入力!$D$4:$D$206>TIMEVALUE("16:30")),0)),""),"")
A22: 17:00 | B22: =IFERROR(IF(COUNTIFS(②予約入力!$B$4:$B$206,$B$3,②予約入力!$H$4:$H$206,"田中",②予約入力!$C$4:$C$206,"<="&TIMEVALUE("17:00"),②予約入力!$D$4:$D$206,">"&TIMEVALUE("17:00"))>0,INDEX(②予約入力!$F$4:$F$206,MATCH(1,(②予約入力!$B$4:$B$206=$B$3)*(②予約入力!$H$4:$H$206="田中")*(②予約入力!$C$4:$C$206<=TIMEVALUE("17:00"))*(②予約入力!$D$4:$D$206>TIMEVALUE("17:00")),0)),""),"") | C22: =IFERROR(IF(COUNTIFS(②予約入力!$B$4:$B$206,$B$3,②予約入力!$H$4:$H$206,"佐藤",②予約入力!$C$4:$C$206,"<="&TIMEVALUE("17:00"),②予約入力!$D$4:$D$206,">"&TIMEVALUE("17:00"))>0,INDEX(②予約入力!$F$4:$F$206,MATCH(1,(②予約入力!$B$4:$B$206=$B$3)*(②予約入力!$H$4:$H$206="佐藤")*(②予約入力!$C$4:$C$206<=TIMEVALUE("17:00"))*(②予約入力!$D$4:$D$206>TIMEVALUE("17:00")),0)),""),"") | D22: =IFERROR(IF(COUNTIFS(②予約入力!$B$4:$B$206,$B$3,②予約入力!$H$4:$H$206,"鈴木",②予約入力!$C$4:$C$206,"<="&TIMEVALUE("17:00"),②予約入力!$D$4:$D$206,">"&TIMEVALUE("17:00"))>0,INDEX(②予約入力!$F$4:$F$206,MATCH(1,(②予約入力!$B$4:$B$206=$B$3)*(②予約入力!$H$4:$H$206="鈴木")*(②予約入力!$C$4:$C$206<=TIMEVALUE("17:00"))*(②予約入力!$D$4:$D$206>TIMEVALUE("17:00")),0)),""),"")
A23: 17:30 | B23: =IFERROR(IF(COUNTIFS(②予約入力!$B$4:$B$206,$B$3,②予約入力!$H$4:$H$206,"田中",②予約入力!$C$4:$C$206,"<="&TIMEVALUE("17:30"),②予約入力!$D$4:$D$206,">"&TIMEVALUE("17:30"))>0,INDEX(②予約入力!$F$4:$F$206,MATCH(1,(②予約入力!$B$4:$B$206=$B$3)*(②予約入力!$H$4:$H$206="田中")*(②予約入力!$C$4:$C$206<=TIMEVALUE("17:30"))*(②予約入力!$D$4:$D$206>TIMEVALUE("17:30")),0)),""),"") | C23: =IFERROR(IF(COUNTIFS(②予約入力!$B$4:$B$206,$B$3,②予約入力!$H$4:$H$206,"佐藤",②予約入力!$C$4:$C$206,"<="&TIMEVALUE("17:30"),②予約入力!$D$4:$D$206,">"&TIMEVALUE("17:30"))>0,INDEX(②予約入力!$F$4:$F$206,MATCH(1,(②予約入力!$B$4:$B$206=$B$3)*(②予約入力!$H$4:$H$206="佐藤")*(②予約入力!$C$4:$C$206<=TIMEVALUE("17:30"))*(②予約入力!$D$4:$D$206>TIMEVALUE("17:30")),0)),""),"") | D23: =IFERROR(IF(COUNTIFS(②予約入力!$B$4:$B$206,$B$3,②予約入力!$H$4:$H$206,"鈴木",②予約入力!$C$4:$C$206,"<="&TIMEVALUE("17:30"),②予約入力!$D$4:$D$206,">"&TIMEVALUE("17:30"))>0,INDEX(②予約入力!$F$4:$F$206,MATCH(1,(②予約入力!$B$4:$B$206=$B$3)*(②予約入力!$H$4:$H$206="鈴木")*(②予約入力!$C$4:$C$206<=TIMEVALUE("17:30"))*(②予約入力!$D$4:$D$206>TIMEVALUE("17:30")),0)),""),"")
A24: 18:00 | B24: =IFERROR(IF(COUNTIFS(②予約入力!$B$4:$B$206,$B$3,②予約入力!$H$4:$H$206,"田中",②予約入力!$C$4:$C$206,"<="&TIMEVALUE("18:00"),②予約入力!$D$4:$D$206,">"&TIMEVALUE("18:00"))>0,INDEX(②予約入力!$F$4:$F$206,MATCH(1,(②予約入力!$B$4:$B$206=$B$3)*(②予約入力!$H$4:$H$206="田中")*(②予約入力!$C$4:$C$206<=TIMEVALUE("18:00"))*(②予約入力!$D$4:$D$206>TIMEVALUE("18:00")),0)),""),"") | C24: =IFERROR(IF(COUNTIFS(②予約入力!$B$4:$B$206,$B$3,②予約入力!$H$4:$H$206,"佐藤",②予約入力!$C$4:$C$206,"<="&TIMEVALUE("18:00"),②予約入力!$D$4:$D$206,">"&TIMEVALUE("18:00"))>0,INDEX(②予約入力!$F$4:$F$206,MATCH(1,(②予約入力!$B$4:$B$206=$B$3)*(②予約入力!$H$4:$H$206="佐藤")*(②予約入力!$C$4:$C$206<=TIMEVALUE("18:00"))*(②予約入力!$D$4:$D$206>TIMEVALUE("18:00")),0)),""),"") | D24: =IFERROR(IF(COUNTIFS(②予約入力!$B$4:$B$206,$B$3,②予約入力!$H$4:$H$206,"鈴木",②予約入力!$C$4:$C$206,"<="&TIMEVALUE("18:00"),②予約入力!$D$4:$D$206,">"&TIMEVALUE("18:00"))>0,INDEX(②予約入力!$F$4:$F$206,MATCH(1,(②予約入力!$B$4:$B$206=$B$3)*(②予約入力!$H$4:$H$206="鈴木")*(②予約入力!$C$4:$C$206<=TIMEVALUE("18:00"))*(②予約入力!$D$4:$D$206>TIMEVALUE("18:00")),0)),""),"")
A25: 18:30 | B25: =IFERROR(IF(COUNTIFS(②予約入力!$B$4:$B$206,$B$3,②予約入力!$H$4:$H$206,"田中",②予約入力!$C$4:$C$206,"<="&TIMEVALUE("18:30"),②予約入力!$D$4:$D$206,">"&TIMEVALUE("18:30"))>0,INDEX(②予約入力!$F$4:$F$206,MATCH(1,(②予約入力!$B$4:$B$206=$B$3)*(②予約入力!$H$4:$H$206="田中")*(②予約入力!$C$4:$C$206<=TIMEVALUE("18:30"))*(②予約入力!$D$4:$D$206>TIMEVALUE("18:30")),0)),""),"") | C25: =IFERROR(IF(COUNTIFS(②予約入力!$B$4:$B$206,$B$3,②予約入力!$H$4:$H$206,"佐藤",②予約入力!$C$4:$C$206,"<="&TIMEVALUE("18:30"),②予約入力!$D$4:$D$206,">"&TIMEVALUE("18:30"))>0,INDEX(②予約入力!$F$4:$F$206,MATCH(1,(②予約入力!$B$4:$B$206=$B$3)*(②予約入力!$H$4:$H$206="佐藤")*(②予約入力!$C$4:$C$206<=TIMEVALUE("18:30"))*(②予約入力!$D$4:$D$206>TIMEVALUE("18:30")),0)),""),"") | D25: =IFERROR(IF(COUNTIFS(②予約入力!$B$4:$B$206,$B$3,②予約入力!$H$4:$H$206,"鈴木",②予約入力!$C$4:$C$206,"<="&TIMEVALUE("18:30"),②予約入力!$D$4:$D$206,">"&TIMEVALUE("18:30"))>0,INDEX(②予約入力!$F$4:$F$206,MATCH(1,(②予約入力!$B$4:$B$206=$B$3)*(②予約入力!$H$4:$H$206="鈴木")*(②予約入力!$C$4:$C$206<=TIMEVALUE("18:30"))*(②予約入力!$D$4:$D$206>TIMEVALUE("18:30")),0)),""),"")
A26: 19:00 | B26: =IFERROR(IF(COUNTIFS(②予約入力!$B$4:$B$206,$B$3,②予約入力!$H$4:$H$206,"田中",②予約入力!$C$4:$C$206,"<="&TIMEVALUE("19:00"),②予約入力!$D$4:$D$206,">"&TIMEVALUE("19:00"))>0,INDEX(②予約入力!$F$4:$F$206,MATCH(1,(②予約入力!$B$4:$B$206=$B$3)*(②予約入力!$H$4:$H$206="田中")*(②予約入力!$C$4:$C$206<=TIMEVALUE("19:00"))*(②予約入力!$D$4:$D$206>TIMEVALUE("19:00")),0)),""),"") | C26: =IFERROR(IF(COUNTIFS(②予約入力!$B$4:$B$206,$B$3,②予約入力!$H$4:$H$206,"佐藤",②予約入力!$C$4:$C$206,"<="&TIMEVALUE("19:00"),②予約入力!$D$4:$D$206,">"&TIMEVALUE("19:00"))>0,INDEX(②予約入力!$F$4:$F$206,MATCH(1,(②予約入力!$B$4:$B$206=$B$3)*(②予約入力!$H$4:$H$206="佐藤")*(②予約入力!$C$4:$C$206<=TIMEVALUE("19:00"))*(②予約入力!$D$4:$D$206>TIMEVALUE("19:00")),0)),""),"") | D26: =IFERROR(IF(COUNTIFS(②予約入力!$B$4:$B$206,$B$3,②予約入力!$H$4:$H$206,"鈴木",②予約入力!$C$4:$C$206,"<="&TIMEVALUE("19:00"),②予約入力!$D$4:$D$206,">"&TIMEVALUE("19:00"))>0,INDEX(②予約入力!$F$4:$F$206,MATCH(1,(②予約入力!$B$4:$B$206=$B$3)*(②予約入力!$H$4:$H$206="鈴木")*(②予約入力!$C$4:$C$206<=TIMEVALUE("19:00"))*(②予約入力!$D$4:$D$206>TIMEVALUE("19:00")),0)),""),"")
A27: 19:30 | B27: =IFERROR(IF(COUNTIFS(②予約入力!$B$4:$B$206,$B$3,②予約入力!$H$4:$H$206,"田中",②予約入力!$C$4:$C$206,"<="&TIMEVALUE("19:30"),②予約入力!$D$4:$D$206,">"&TIMEVALUE("19:30"))>0,INDEX(②予約入力!$F$4:$F$206,MATCH(1,(②予約入力!$B$4:$B$206=$B$3)*(②予約入力!$H$4:$H$206="田中")*(②予約入力!$C$4:$C$206<=TIMEVALUE("19:30"))*(②予約入力!$D$4:$D$206>TIMEVALUE("19:30")),0)),""),"") | C27: =IFERROR(IF(COUNTIFS(②予約入力!$B$4:$B$206,$B$3,②予約入力!$H$4:$H$206,"佐藤",②予約入力!$C$4:$C$206,"<="&TIMEVALUE("19:30"),②予約入力!$D$4:$D$206,">"&TIMEVALUE("19:30"))>0,INDEX(②予約入力!$F$4:$F$206,MATCH(1,(②予約入力!$B$4:$B$206=$B$3)*(②予約入力!$H$4:$H$206="佐藤")*(②予約入力!$C$4:$C$206<=TIMEVALUE("19:30"))*(②予約入力!$D$4:$D$206>TIMEVALUE("19:30")),0)),""),"") | D27: =IFERROR(IF(COUNTIFS(②予約入力!$B$4:$B$206,$B$3,②予約入力!$H$4:$H$206,"鈴木",②予約入力!$C$4:$C$206,"<="&TIMEVALUE("19:30"),②予約入力!$D$4:$D$206,">"&TIMEVALUE("19:30"))>0,INDEX(②予約入力!$F$4:$F$206,MATCH(1,(②予約入力!$B$4:$B$206=$B$3)*(②予約入力!$H$4:$H$206="鈴木")*(②予約入力!$C$4:$C$206<=TIMEVALUE("19:30"))*(②予約入力!$D$4:$D$206>TIMEVALUE("19:30")),0)),""),"")
A28: 20:00 | B28: =IFERROR(IF(COUNTIFS(②予約入力!$B$4:$B$206,$B$3,②予約入力!$H$4:$H$206,"田中",②予約入力!$C$4:$C$206,"<="&TIMEVALUE("20:00"),②予約入力!$D$4:$D$206,">"&TIMEVALUE("20:00"))>0,INDEX(②予約入力!$F$4:$F$206,MATCH(1,(②予約入力!$B$4:$B$206=$B$3)*(②予約入力!$H$4:$H$206="田中")*(②予約入力!$C$4:$C$206<=TIMEVALUE("20:00"))*(②予約入力!$D$4:$D$206>TIMEVALUE("20:00")),0)),""),"") | C28: =IFERROR(IF(COUNTIFS(②予約入力!$B$4:$B$206,$B$3,②予約入力!$H$4:$H$206,"佐藤",②予約入力!$C$4:$C$206,"<="&TIMEVALUE("20:00"),②予約入力!$D$4:$D$206,">"&TIMEVALUE("20:00"))>0,INDEX(②予約入力!$F$4:$F$206,MATCH(1,(②予約入力!$B$4:$B$206=$B$3)*(②予約入力!$H$4:$H$206="佐藤")*(②予約入力!$C$4:$C$206<=TIMEVALUE("20:00"))*(②予約入力!$D$4:$D$206>TIMEVALUE("20:00")),0)),""),"") | D28: =IFERROR(IF(COUNTIFS(②予約入力!$B$4:$B$206,$B$3,②予約入力!$H$4:$H$206,"鈴木",②予約入力!$C$4:$C$206,"<="&TIMEVALUE("20:00"),②予約入力!$D$4:$D$206,">"&TIMEVALUE("20:00"))>0,INDEX(②予約入力!$F$4:$F$206,MATCH(1,(②予約入力!$B$4:$B$206=$B$3)*(②予約入力!$H$4:$H$206="鈴木")*(②予約入力!$C$4:$C$206<=TIMEVALUE("20:00"))*(②予約入力!$D$4:$D$206>TIMEVALUE("20:00")),0)),""),"")
A29: 20:30 | B29: =IFERROR(IF(COUNTIFS(②予約入力!$B$4:$B$206,$B$3,②予約入力!$H$4:$H$206,"田中",②予約入力!$C$4:$C$206,"<="&TIMEVALUE("20:30"),②予約入力!$D$4:$D$206,">"&TIMEVALUE("20:30"))>0,INDEX(②予約入力!$F$4:$F$206,MATCH(1,(②予約入力!$B$4:$B$206=$B$3)*(②予約入力!$H$4:$H$206="田中")*(②予約入力!$C$4:$C$206<=TIMEVALUE("20:30"))*(②予約入力!$D$4:$D$206>TIMEVALUE("20:30")),0)),""),"") | C29: =IFERROR(IF(COUNTIFS(②予約入力!$B$4:$B$206,$B$3,②予約入力!$H$4:$H$206,"佐藤",②予約入力!$C$4:$C$206,"<="&TIMEVALUE("20:30"),②予約入力!$D$4:$D$206,">"&TIMEVALUE("20:30"))>0,INDEX(②予約入力!$F$4:$F$206,MATCH(1,(②予約入力!$B$4:$B$206=$B$3)*(②予約入力!$H$4:$H$206="佐藤")*(②予約入力!$C$4:$C$206<=TIMEVALUE("20:30"))*(②予約入力!$D$4:$D$206>TIMEVALUE("20:30")),0)),""),"") | D29: =IFERROR(IF(COUNTIFS(②予約入力!$B$4:$B$206,$B$3,②予約入力!$H$4:$H$206,"鈴木",②予約入力!$C$4:$C$206,"<="&TIMEVALUE("20:30"),②予約入力!$D$4:$D$206,">"&TIMEVALUE("20:30"))>0,INDEX(②予約入力!$F$4:$F$206,MATCH(1,(②予約入力!$B$4:$B$206=$B$3)*(②予約入力!$H$4:$H$206="鈴木")*(②予約入力!$C$4:$C$206<=TIMEVALUE("20:30"))*(②予約入力!$D$4:$D$206>TIMEVALUE("20:30")),0)),""),"")
