Workbook

Sheet 📋 使い方ガイド
B2: ⑦ シフト・勤怠管理
B3: 従業員マスタ・シフト・勤怠・給与計算をまとめて管理するテンプレートです
B5: 📂 シート構成
B6: シート名 | C6: 役割 | D6: 主な操作・入力
B7: ①従業員マスタ | C7: 従業員の基本情報・時給・所定労働時間を登録 | D7: 従業員IDは変更しないこと。②〜④のシートと紐づいている
B8: ②シフト入力 | C8: 月単位のシフト表を作成・管理 | D8: 対象月（B3）を入力すると日付・曜日が自動生成。出勤区分をドロップダウンで入力
B9: ③勤怠記録 | C9: 日々の実績（出退勤時間）を記録 | D9: 従業員IDを入力すると氏名が自動表示。実働時間・残業時間を自動計算
B10: ④給与計算 | C10: 月次の給与を従業員ごとに自動集計 | D10: 対象月を入力すると③の勤怠データから時間・給与を自動計算
B13: 🔗 データの流れ（シート間のつながり）
B14: 入力元シート | C14: 参照先シート | D14: つながりの内容
B15: ①従業員マスタ | C15: ②シフト入力 | D15: 従業員IDで氏名・雇用形態を参照
B16: ①従業員マスタ | C16: ③勤怠記録 | D16: 従業員IDで氏名・時給・所定労働時間を参照
B17: ①従業員マスタ | C17: ④給与計算 | D17: 従業員IDで時給・所定労働時間を参照
B18: ③勤怠記録 | C18: ④給与計算 | D18: 対象月の実働時間・残業時間を集計して給与を自動計算
B21: 💡 青字のセルは自動計算セルです。直接入力すると数式が消えるためご注意ください。
B22: 💡 時給・所定労働時間は①従業員マスタに登録してください。変更すると④給与計算に自動反映されます。

Sheet ①従業員マスタ
A1: ① 従業員マスタ ― 従業員の基本情報・雇用条件を登録します
A2: ※ 従業員IDは変更しないでください。②〜④のシートと紐づいています。
A3: 従業員ID | B3: 氏名 | C3: フリガナ | D3: 雇用形態 | E3: 時給（円） | F3: 所定労働時間/日 | G3: 連絡先 | H3: 入社日 | I3: 備考
A4: E001 | B4: 田中一郎 | C4: タナカイチロウ | D4: 正社員 | E4: 1500 | F4: 8 | G4: 090-1111-2222 | H4: 2023/04/01 | I4: 店長
A5: E002 | B5: 鈴木花子 | C5: スズキハナコ | D5: パート | E5: 1100 | F5: 4 | G5: 080-3333-4444 | H5: 2024/01/15
A6: E003 | B6: 佐藤次郎 | C6: サトウジロウ | D6: アルバイト | E6: 1050 | F6: 3 | G6: 070-5555-6666 | H6: 2024/06/01 | I6: 学生

Sheet ②シフト入力
A1: ② シフト入力 ― 月単位のシフト表を作成します
A2: ※ B3セルに対象月を入力すると日付・曜日が自動生成されます。出勤区分をドロップダウンで選択してください。
A3: 対象月 | B3: 2025/06 | C3: ← ここに対象月を入力（例：2025/06） | F3: 【出勤区分】 ○：出勤 ×：休み 有：有休 半：半休 特：特休
A4: 従業員ID | B4: 氏名（自動） | C4: =IFERROR(IF(DAY(DATE(YEAR($B$3),MONTH($B$3),1))=1,DATE(YEAR($B$3),MONTH($B$3),1),""),"") | D4: =IFERROR(IF(DAY(DATE(YEAR($B$3),MONTH($B$3),2))=2,DATE(YEAR($B$3),MONTH($B$3),2),""),"") | E4: =IFERROR(IF(DAY(DATE(YEAR($B$3),MONTH($B$3),3))=3,DATE(YEAR($B$3),MONTH($B$3),3),""),"") | F4: =IFERROR(IF(DAY(DATE(YEAR($B$3),MONTH($B$3),4))=4,DATE(YEAR($B$3),MONTH($B$3),4),""),"") | G4: =IFERROR(IF(DAY(DATE(YEAR($B$3),MONTH($B$3),5))=5,DATE(YEAR($B$3),MONTH($B$3),5),""),"") | H4: =IFERROR(IF(DAY(DATE(YEAR($B$3),MONTH($B$3),6))=6,DATE(YEAR($B$3),MONTH($B$3),6),""),"") | I4: =IFERROR(IF(DAY(DATE(YEAR($B$3),MONTH($B$3),7))=7,DATE(YEAR($B$3),MONTH($B$3),7),""),"") | J4: =IFERROR(IF(DAY(DATE(YEAR($B$3),MONTH($B$3),8))=8,DATE(YEAR($B$3),MONTH($B$3),8),""),"") | K4: =IFERROR(IF(DAY(DATE(YEAR($B$3),MONTH($B$3),9))=9,DATE(YEAR($B$3),MONTH($B$3),9),""),"") | L4: =IFERROR(IF(DAY(DATE(YEAR($B$3),MONTH($B$3),10))=10,DATE(YEAR($B$3),MONTH($B$3),10),""),"") | M4: =IFERROR(IF(DAY(DATE(YEAR($B$3),MONTH($B$3),11))=11,DATE(YEAR($B$3),MONTH($B$3),11),""),"") | N4: =IFERROR(IF(DAY(DATE(YEAR($B$3),MONTH($B$3),12))=12,DATE(YEAR($B$3),MONTH($B$3),12),""),"") | O4: =IFERROR(IF(DAY(DATE(YEAR($B$3),MONTH($B$3),13))=13,DATE(YEAR($B$3),MONTH($B$3),13),""),"") | P4: =IFERROR(IF(DAY(DATE(YEAR($B$3),MONTH($B$3),14))=14,DATE(YEAR($B$3),MONTH($B$3),14),""),"") | Q4: =IFERROR(IF(DAY(DATE(YEAR($B$3),MONTH($B$3),15))=15,DATE(YEAR($B$3),MONTH($B$3),15),""),"") | R4: =IFERROR(IF(DAY(DATE(YEAR($B$3),MONTH($B$3),16))=16,DATE(YEAR($B$3),MONTH($B$3),16),""),"") | S4: =IFERROR(IF(DAY(DATE(YEAR($B$3),MONTH($B$3),17))=17,DATE(YEAR($B$3),MONTH($B$3),17),""),"") | T4: =IFERROR(IF(DAY(DATE(YEAR($B$3),MONTH($B$3),18))=18,DATE(YEAR($B$3),MONTH($B$3),18),""),"") | U4: =IFERROR(IF(DAY(DATE(YEAR($B$3),MONTH($B$3),19))=19,DATE(YEAR($B$3),MONTH($B$3),19),""),"") | V4: =IFERROR(IF(DAY(DATE(YEAR($B$3),MONTH($B$3),20))=20,DATE(YEAR($B$3),MONTH($B$3),20),""),"") | W4: =IFERROR(IF(DAY(DATE(YEAR($B$3),MONTH($B$3),21))=21,DATE(YEAR($B$3),MONTH($B$3),21),""),"") | X4: =IFERROR(IF(DAY(DATE(YEAR($B$3),MONTH($B$3),22))=22,DATE(YEAR($B$3),MONTH($B$3),22),""),"") | Y4: =IFERROR(IF(DAY(DATE(YEAR($B$3),MONTH($B$3),23))=23,DATE(YEAR($B$3),MONTH($B$3),23),""),"") | Z4: =IFERROR(IF(DAY(DATE(YEAR($B$3),MONTH($B$3),24))=24,DATE(YEAR($B$3),MONTH($B$3),24),""),"") | AA4: =IFERROR(IF(DAY(DATE(YEAR($B$3),MONTH($B$3),25))=25,DATE(YEAR($B$3),MONTH($B$3),25),""),"") | AB4: =IFERROR(IF(DAY(DATE(YEAR($B$3),MONTH($B$3),26))=26,DATE(YEAR($B$3),MONTH($B$3),26),""),"") | AC4: =IFERROR(IF(DAY(DATE(YEAR($B$3),MONTH($B$3),27))=27,DATE(YEAR($B$3),MONTH($B$3),27),""),"") | AD4: =IFERROR(IF(DAY(DATE(YEAR($B$3),MONTH($B$3),28))=28,DATE(YEAR($B$3),MONTH($B$3),28),""),"") | AE4: =IFERROR(IF(DAY(DATE(YEAR($B$3),MONTH($B$3),29))=29,DATE(YEAR($B$3),MONTH($B$3),29),""),"") | AF4: =IFERROR(IF(DAY(DATE(YEAR($B$3),MONTH($B$3),30))=30,DATE(YEAR($B$3),MONTH($B$3),30),""),"") | AG4: =IFERROR(IF(DAY(DATE(YEAR($B$3),MONTH($B$3),31))=31,DATE(YEAR($B$3),MONTH($B$3),31),""),"") | AH4: 出勤日数
C5: =IFERROR(IF(C4<>"",TEXT(C4,"aaa"),""),"") | D5: =IFERROR(IF(D4<>"",TEXT(D4,"aaa"),""),"") | E5: =IFERROR(IF(E4<>"",TEXT(E4,"aaa"),""),"") | F5: =IFERROR(IF(F4<>"",TEXT(F4,"aaa"),""),"") | G5: =IFERROR(IF(G4<>"",TEXT(G4,"aaa"),""),"") | H5: =IFERROR(IF(H4<>"",TEXT(H4,"aaa"),""),"") | I5: =IFERROR(IF(I4<>"",TEXT(I4,"aaa"),""),"") | J5: =IFERROR(IF(J4<>"",TEXT(J4,"aaa"),""),"") | ... AG5: =IFERROR(IF(AG4<>"",TEXT(AG4,"aaa"),""),"")
B6: =IFERROR(VLOOKUP(A6,①従業員マスタ!$A$4:$I$56,2,0),"") | AH6: =COUNTIF(C6:AG6,"○")+COUNTIF(C6:AG6,"半")*0.5 -> 0
B7: =IFERROR(VLOOKUP(A7,①従業員マスタ!$A$4:$I$56,2,0),"") | AH7: =COUNTIF(C7:AG7,"○")+COUNTIF(C7:AG7,"半")*0.5 -> 0
B8: =IFERROR(VLOOKUP(A8,①従業員マスタ!$A$4:$I$56,2,0),"") | AH8: =COUNTIF(C8:AG8,"○")+COUNTIF(C8:AG8,"半")*0.5 -> 0
B9: =IFERROR(VLOOKUP(A9,①従業員マスタ!$A$4:$I$56,2,0),"") | AH9: =COUNTIF(C9:AG9,"○")+COUNTIF(C9:AG9,"半")*0.5 -> 0
B10: =IFERROR(VLOOKUP(A10,①従業員マスタ!$A$4:$I$56,2,0),"") | AH10: =COUNTIF(C10:AG10,"○")+COUNTIF(C10:AG10,"半")*0.5 -> 0
B11: =IFERROR(VLOOKUP(A11,①従業員マスタ!$A$4:$I$56,2,0),"") | AH11: =COUNTIF(C11:AG11,"○")+COUNTIF(C11:AG11,"半")*0.5 -> 0
B12: =IFERROR(VLOOKUP(A12,①従業員マスタ!$A$4:$I$56,2,0),"") | AH12: =COUNTIF(C12:AG12,"○")+COUNTIF(C12:AG12,"半")*0.5 -> 0
B13: =IFERROR(VLOOKUP(A13,①従業員マスタ!$A$4:$I$56,2,0),"") | AH13: =COUNTIF(C13:AG13,"○")+COUNTIF(C13:AG13,"半")*0.5 -> 0
B14: =IFERROR(VLOOKUP(A14,①従業員マスタ!$A$4:$I$56,2,0),"") | AH14: =COUNTIF(C14:AG14,"○")+COUNTIF(C14:AG14,"半")*0.5 -> 0
B15: =IFERROR(VLOOKUP(A15,①従業員マスタ!$A$4:$I$56,2,0),"") | AH15: =COUNTIF(C15:AG15,"○")+COUNTIF(C15:AG15,"半")*0.5 -> 0
B16: =IFERROR(VLOOKUP(A16,①従業員マスタ!$A$4:$I$56,2,0),"") | AH16: =COUNTIF(C16:AG16,"○")+COUNTIF(C16:AG16,"半")*0.5 -> 0
B17: =IFERROR(VLOOKUP(A17,①従業員マスタ!$A$4:$I$56,2,0),"") | AH17: =COUNTIF(C17:AG17,"○")+COUNTIF(C17:AG17,"半")*0.5 -> 0
... B25: =IFERROR(VLOOKUP(A25,①従業員マスタ!$A$4:$I$56,2,0),"") | AH25: =COUNTIF(C25:AG25,"○")+COUNTIF(C25:AG25,"半")*0.5 -> 0

Sheet ③勤怠記録
A1: ③ 勤怠記録 ― 日々の出退勤時間を記録します
A2: ※ 従業員IDを入力すると氏名・所定労働時間が自動表示されます。実働・残業時間を自動計算します。
A3: 記録ID | B3: 日付 | C3: 従業員ID | D3: 氏名（自動） | E3: 出勤時間 | F3: 退勤時間 | G3: 休憩時間（h） | H3: 実働時間（自動） | I3: 所定労働時間（自動） | J3: 残業時間（自動） | K3: 備考
D4: =IFERROR(VLOOKUP(C4,①従業員マスタ!$A$4:$I$56,2,0),"") | H4: =IFERROR(IF(AND(E4<>"",F4<>""),(F4-E4)*24-IF(G4<>"",G4,0),""),"") | I4: =IFERROR(VLOOKUP(C4,①従業員マスタ!$A$4:$I$56,6,0),"") | J4: =IFERROR(IF(AND(H4<>"",I4<>""),MAX(H4-I4,0),""),"")
D5: =IFERROR(VLOOKUP(C5,①従業員マスタ!$A$4:$I$56,2,0),"") | H5: =IFERROR(IF(AND(E5<>"",F5<>""),(F5-E5)*24-IF(G5<>"",G5,0),""),"") | I5: =IFERROR(VLOOKUP(C5,①従業員マスタ!$A$4:$I$56,6,0),"") | J5: =IFERROR(IF(AND(H5<>"",I5<>""),MAX(H5-I5,0),""),"")
D6: =IFERROR(VLOOKUP(C6,①従業員マスタ!$A$4:$I$56,2,0),"") | H6: =IFERROR(IF(AND(E6<>"",F6<>""),(F6-E6)*24-IF(G6<>"",G6,0),""),"") | I6: =IFERROR(VLOOKUP(C6,①従業員マスタ!$A$4:$I$56,6,0),"") | J6: =IFERROR(IF(AND(H6<>"",I6<>""),MAX(H6-I6,0),""),"")
D7: =IFERROR(VLOOKUP(C7,①従業員マスタ!$A$4:$I$56,2,0),"") | H7: =IFERROR(IF(AND(E7<>"",F7<>""),(F7-E7)*24-IF(G7<>"",G7,0),""),"") | I7: =IFERROR(VLOOKUP(C7,①従業員マスタ!$A$4:$I$56,6,0),"") | J7: =IFERROR(IF(AND(H7<>"",I7<>""),MAX(H7-I7,0),""),"")
D8: =IFERROR(VLOOKUP(C8,①従業員マスタ!$A$4:$I$56,2,0),"") | H8: =IFERROR(IF(AND(E8<>"",F8<>""),(F8-E8)*24-IF(G8<>"",G8,0),""),"") | I8: =IFERROR(VLOOKUP(C8,①従業員マスタ!$A$4:$I$56,6,0),"") | J8: =IFERROR(IF(AND(H8<>"",I8<>""),MAX(H8-I8,0),""),"")
D9: =IFERROR(VLOOKUP(C9,①従業員マスタ!$A$4:$I$56,2,0),"") | H9: =IFERROR(IF(AND(E9<>"",F9<>""),(F9-E9)*24-IF(G9<>"",G9,0),""),"") | I9: =IFERROR(VLOOKUP(C9,①従業員マスタ!$A$4:$I$56,6,0),"") | J9: =IFERROR(IF(AND(H9<>"",I9<>""),MAX(H9-I9,0),""),"")
D10: =IFERROR(VLOOKUP(C10,①従業員マスタ!$A$4:$I$56,2,0),"") | H10: =IFERROR(IF(AND(E10<>"",F10<>""),(F10-E10)*24-IF(G10<>"",G10,0),""),"") | I10: =IFERROR(VLOOKUP(C10,①従業員マスタ!$A$4:$I$56,6,0),"") | J10: =IFERROR(IF(AND(H10<>"",I10<>""),MAX(H10-I10,0),""),"")
D11: =IFERROR(VLOOKUP(C11,①従業員マスタ!$A$4:$I$56,2,0),"") | H11: =IFERROR(IF(AND(E11<>"",F11<>""),(F11-E11)*24-IF(G11<>"",G11,0),""),"") | I11: =IFERROR(VLOOKUP(C11,①従業員マスタ!$A$4:$I$56,6,0),"") | J11: =IFERROR(IF(AND(H11<>"",I11<>""),MAX(H11-I11,0),""),"")
D12: =IFERROR(VLOOKUP(C12,①従業員マスタ!$A$4:$I$56,2,0),"") | H12: =IFERROR(IF(AND(E12<>"",F12<>""),(F12-E12)*24-IF(G12<>"",G12,0),""),"") | I12: =IFERROR(VLOOKUP(C12,①従業員マスタ!$A$4:$I$56,6,0),"") | J12: =IFERROR(IF(AND(H12<>"",I12<>""),MAX(H12-I12,0),""),"")
D13: =IFERROR(VLOOKUP(C13,①従業員マスタ!$A$4:$I$56,2,0),"") | H13: =IFERROR(IF(AND(E13<>"",F13<>""),(F13-E13)*24-IF(G13<>"",G13,0),""),"") | I13: =IFERROR(VLOOKUP(C13,①従業員マスタ!$A$4:$I$56,6,0),"") | J13: =IFERROR(IF(AND(H13<>"",I13<>""),MAX(H13-I13,0),""),"")
D14: =IFERROR(VLOOKUP(C14,①従業員マスタ!$A$4:$I$56,2,0),"") | H14: =IFERROR(IF(AND(E14<>"",F14<>""),(F14-E14)*24-IF(G14<>"",G14,0),""),"") | I14: =IFERROR(VLOOKUP(C14,①従業員マスタ!$A$4:$I$56,6,0),"") | J14: =IFERROR(IF(AND(H14<>"",I14<>""),MAX(H14-I14,0),""),"")
D15: =IFERROR(VLOOKUP(C15,①従業員マスタ!$A$4:$I$56,2,0),"") | H15: =IFERROR(IF(AND(E15<>"",F15<>""),(F15-E15)*24-IF(G15<>"",G15,0),""),"") | I15: =IFERROR(VLOOKUP(C15,①従業員マスタ!$A$4:$I$56,6,0),"") | J15: =IFERROR(IF(AND(H15<>"",I15<>""),MAX(H15-I15,0),""),"")
... D203: =IFERROR(VLOOKUP(C203,①従業員マスタ!$A$4:$I$56,2,0),"") | H203: =IFERROR(IF(AND(E203<>"",F203<>""),(F203-E203)*24-IF(G203<>"",G203,0),""),"") | I203: =IFERROR(VLOOKUP(C203,①従業員マスタ!$A$4:$I$56,6,0),"") | J203: =IFERROR(IF(AND(H203<>"",I203<>""),MAX(H203-I203,0),""),"")

Sheet ④給与計算
A1: ④ 給与計算 ― 月次の給与を従業員ごとに自動集計します
A2: ※ 対象月（B3）を入力すると③勤怠記録から実働・残業時間を自動集計し、給与を計算します。
A3: 対象月 | B3: 2025/06 | C3: ← ここに対象月を入力してください（例：2025/06） | G3: ※ 残業代は基本時給×1.25で計算しています（変更可）
A4: 従業員ID | B4: 氏名（自動） | C4: 雇用形態（自動） | D4: 時給（自動） | E4: 実働時間合計 | F4: 残業時間合計 | G4: 基本給（自動） | H4: 残業代（自動） | I4: 支給合計（自動） | J4: 備考
B5: =IFERROR(VLOOKUP(A5,①従業員マスタ!$A$4:$I$56,2,0),"") | C5: =IFERROR(VLOOKUP(A5,①従業員マスタ!$A$4:$I$56,4,0),"") | D5: =IFERROR(VLOOKUP(A5,①従業員マスタ!$A$4:$I$56,5,0),"") | E5: =IFERROR(SUMPRODUCT((③勤怠記録!$C$4:$C$203=A5)*(ISNUMBER(③勤怠記録!$B$4:$B$203))*(MONTH(③勤怠記録!$B$4:$B$203)=MONTH($B$3))*(YEAR(③勤怠記録!$B$4:$B$203)=YEAR($B$3))*(③勤怠記録!$H$4:$H$203)),0) -> 0 | F5: =IFERROR(SUMPRODUCT((③勤怠記録!$C$4:$C$203=A5)*(ISNUMBER(③勤怠記録!$B$4:$B$203))*(MONTH(③勤怠記録!$B$4:$B$203)=MONTH($B$3))*(YEAR(③勤怠記録!$B$4:$B$203)=YEAR($B$3))*(③勤怠記録!$J$4:$J$203)),0) -> 0 | G5: =IFERROR(IF(A5="","",ROUND(D5*E5,0)),"") | H5: =IFERROR(IF(A5="","",ROUND(D5*1.25*F5,0)),"") | I5: =IFERROR(IF(A5="","",G5+H5),"")
B6: =IFERROR(VLOOKUP(A6,①従業員マスタ!$A$4:$I$56,2,0),"") | C6: =IFERROR(VLOOKUP(A6,①従業員マスタ!$A$4:$I$56,4,0),"") | D6: =IFERROR(VLOOKUP(A6,①従業員マスタ!$A$4:$I$56,5,0),"") | E6: =IFERROR(SUMPRODUCT((③勤怠記録!$C$4:$C$203=A6)*(ISNUMBER(③勤怠記録!$B$4:$B$203))*(MONTH(③勤怠記録!$B$4:$B$203)=MONTH($B$3))*(YEAR(③勤怠記録!$B$4:$B$203)=YEAR($B$3))*(③勤怠記録!$H$4:$H$203)),0) -> 0 | F6: =IFERROR(SUMPRODUCT((③勤怠記録!$C$4:$C$203=A6)*(ISNUMBER(③勤怠記録!$B$4:$B$203))*(MONTH(③勤怠記録!$B$4:$B$203)=MONTH($B$3))*(YEAR(③勤怠記録!$B$4:$B$203)=YEAR($B$3))*(③勤怠記録!$J$4:$J$203)),0) -> 0 | G6: =IFERROR(IF(A6="","",ROUND(D6*E6,0)),"") | H6: =IFERROR(IF(A6="","",ROUND(D6*1.25*F6,0)),"") | I6: =IFERROR(IF(A6="","",G6+H6),"")
B7: =IFERROR(VLOOKUP(A7,①従業員マスタ!$A$4:$I$56,2,0),"") | C7: =IFERROR(VLOOKUP(A7,①従業員マスタ!$A$4:$I$56,4,0),"") | D7: =IFERROR(VLOOKUP(A7,①従業員マスタ!$A$4:$I$56,5,0),"") | E7: =IFERROR(SUMPRODUCT((③勤怠記録!$C$4:$C$203=A7)*(ISNUMBER(③勤怠記録!$B$4:$B$203))*(MONTH(③勤怠記録!$B$4:$B$203)=MONTH($B$3))*(YEAR(③勤怠記録!$B$4:$B$203)=YEAR($B$3))*(③勤怠記録!$H$4:$H$203)),0) -> 0 | F7: =IFERROR(SUMPRODUCT((③勤怠記録!$C$4:$C$203=A7)*(ISNUMBER(③勤怠記録!$B$4:$B$203))*(MONTH(③勤怠記録!$B$4:$B$203)=MONTH($B$3))*(YEAR(③勤怠記録!$B$4:$B$203)=YEAR($B$3))*(③勤怠記録!$J$4:$J$203)),0) -> 0 | G7: =IFERROR(IF(A7="","",ROUND(D7*E7,0)),"") | H7: =IFERROR(IF(A7="","",ROUND(D7*1.25*F7,0)),"") | I7: =IFERROR(IF(A7="","",G7+H7),"")
B8: =IFERROR(VLOOKUP(A8,①従業員マスタ!$A$4:$I$56,2,0),"") | C8: =IFERROR(VLOOKUP(A8,①従業員マスタ!$A$4:$I$56,4,0),"") | D8: =IFERROR(VLOOKUP(A8,①従業員マスタ!$A$4:$I$56,5,0),"") | E8: =IFERROR(SUMPRODUCT((③勤怠記録!$C$4:$C$203=A8)*(ISNUMBER(③勤怠記録!$B$4:$B$203))*(MONTH(③勤怠記録!$B$4:$B$203)=MONTH($B$3))*(YEAR(③勤怠記録!$B$4:$B$203)=YEAR($B$3))*(③勤怠記録!$H$4:$H$203)),0) -> 0 | F8: =IFERROR(SUMPRODUCT((③勤怠記録!$C$4:$C$203=A8)*(ISNUMBER(③勤怠記録!$B$4:$B$203))*(MONTH(③勤怠記録!$B$4:$B$203)=MONTH($B$3))*(YEAR(③勤怠記録!$B$4:$B$203)=YEAR($B$3))*(③勤怠記録!$J$4:$J$203)),0) -> 0 | G8: =IFERROR(IF(A8="","",ROUND(D8*E8,0)),"") | H8: =IFERROR(IF(A8="","",ROUND(D8*1.25*F8,0)),"") | I8: =IFERROR(IF(A8="","",G8+H8),"")
B9: =IFERROR(VLOOKUP(A9,①従業員マスタ!$A$4:$I$56,2,0),"") | C9: =IFERROR(VLOOKUP(A9,①従業員マスタ!$A$4:$I$56,4,0),"") | D9: =IFERROR(VLOOKUP(A9,①従業員マスタ!$A$4:$I$56,5,0),"") | E9: =IFERROR(SUMPRODUCT((③勤怠記録!$C$4:$C$203=A9)*(ISNUMBER(③勤怠記録!$B$4:$B$203))*(MONTH(③勤怠記録!$B$4:$B$203)=MONTH($B$3))*(YEAR(③勤怠記録!$B$4:$B$203)=YEAR($B$3))*(③勤怠記録!$H$4:$H$203)),0) -> 0 | F9: =IFERROR(SUMPRODUCT((③勤怠記録!$C$4:$C$203=A9)*(ISNUMBER(③勤怠記録!$B$4:$B$203))*(MONTH(③勤怠記録!$B$4:$B$203)=MONTH($B$3))*(YEAR(③勤怠記録!$B$4:$B$203)=YEAR($B$3))*(③勤怠記録!$J$4:$J$203)),0) -> 0 | G9: =IFERROR(IF(A9="","",ROUND(D9*E9,0)),"") | H9: =IFERROR(IF(A9="","",ROUND(D9*1.25*F9,0)),"") | I9: =IFERROR(IF(A9="","",G9+H9),"")
B10: =IFERROR(VLOOKUP(A10,①従業員マスタ!$A$4:$I$56,2,0),"") | C10: =IFERROR(VLOOKUP(A10,①従業員マスタ!$A$4:$I$56,4,0),"") | D10: =IFERROR(VLOOKUP(A10,①従業員マスタ!$A$4:$I$56,5,0),"") | E10: =IFERROR(SUMPRODUCT((③勤怠記録!$C$4:$C$203=A10)*(ISNUMBER(③勤怠記録!$B$4:$B$203))*(MONTH(③勤怠記録!$B$4:$B$203)=MONTH($B$3))*(YEAR(③勤怠記録!$B$4:$B$203)=YEAR($B$3))*(③勤怠記録!$H$4:$H$203)),0) -> 0 | F10: =IFERROR(SUMPRODUCT((③勤怠記録!$C$4:$C$203=A10)*(ISNUMBER(③勤怠記録!$B$4:$B$203))*(MONTH(③勤怠記録!$B$4:$B$203)=MONTH($B$3))*(YEAR(③勤怠記録!$B$4:$B$203)=YEAR($B$3))*(③勤怠記録!$J$4:$J$203)),0) -> 0 | G10: =IFERROR(IF(A10="","",ROUND(D10*E10,0)),"") | H10: =IFERROR(IF(A10="","",ROUND(D10*1.25*F10,0)),"") | I10: =IFERROR(IF(A10="","",G10+H10),"")
B11: =IFERROR(VLOOKUP(A11,①従業員マスタ!$A$4:$I$56,2,0),"") | C11: =IFERROR(VLOOKUP(A11,①従業員マスタ!$A$4:$I$56,4,0),"") | D11: =IFERROR(VLOOKUP(A11,①従業員マスタ!$A$4:$I$56,5,0),"") | E11: =IFERROR(SUMPRODUCT((③勤怠記録!$C$4:$C$203=A11)*(ISNUMBER(③勤怠記録!$B$4:$B$203))*(MONTH(③勤怠記録!$B$4:$B$203)=MONTH($B$3))*(YEAR(③勤怠記録!$B$4:$B$203)=YEAR($B$3))*(③勤怠記録!$H$4:$H$203)),0) -> 0 | F11: =IFERROR(SUMPRODUCT((③勤怠記録!$C$4:$C$203=A11)*(ISNUMBER(③勤怠記録!$B$4:$B$203))*(MONTH(③勤怠記録!$B$4:$B$203)=MONTH($B$3))*(YEAR(③勤怠記録!$B$4:$B$203)=YEAR($B$3))*(③勤怠記録!$J$4:$J$203)),0) -> 0 | G11: =IFERROR(IF(A11="","",ROUND(D11*E11,0)),"") | H11: =IFERROR(IF(A11="","",ROUND(D11*1.25*F11,0)),"") | I11: =IFERROR(IF(A11="","",G11+H11),"")
B12: =IFERROR(VLOOKUP(A12,①従業員マスタ!$A$4:$I$56,2,0),"") | C12: =IFERROR(VLOOKUP(A12,①従業員マスタ!$A$4:$I$56,4,0),"") | D12: =IFERROR(VLOOKUP(A12,①従業員マスタ!$A$4:$I$56,5,0),"") | E12: =IFERROR(SUMPRODUCT((③勤怠記録!$C$4:$C$203=A12)*(ISNUMBER(③勤怠記録!$B$4:$B$203))*(MONTH(③勤怠記録!$B$4:$B$203)=MONTH($B$3))*(YEAR(③勤怠記録!$B$4:$B$203)=YEAR($B$3))*(③勤怠記録!$H$4:$H$203)),0) -> 0 | F12: =IFERROR(SUMPRODUCT((③勤怠記録!$C$4:$C$203=A12)*(ISNUMBER(③勤怠記録!$B$4:$B$203))*(MONTH(③勤怠記録!$B$4:$B$203)=MONTH($B$3))*(YEAR(③勤怠記録!$B$4:$B$203)=YEAR($B$3))*(③勤怠記録!$J$4:$J$203)),0) -> 0 | G12: =IFERROR(IF(A12="","",ROUND(D12*E12,0)),"") | H12: =IFERROR(IF(A12="","",ROUND(D12*1.25*F12,0)),"") | I12: =IFERROR(IF(A12="","",G12+H12),"")
B13: =IFERROR(VLOOKUP(A13,①従業員マスタ!$A$4:$I$56,2,0),"") | C13: =IFERROR(VLOOKUP(A13,①従業員マスタ!$A$4:$I$56,4,0),"") | D13: =IFERROR(VLOOKUP(A13,①従業員マスタ!$A$4:$I$56,5,0),"") | E13: =IFERROR(SUMPRODUCT((③勤怠記録!$C$4:$C$203=A13)*(ISNUMBER(③勤怠記録!$B$4:$B$203))*(MONTH(③勤怠記録!$B$4:$B$203)=MONTH($B$3))*(YEAR(③勤怠記録!$B$4:$B$203)=YEAR($B$3))*(③勤怠記録!$H$4:$H$203)),0) -> 0 | F13: =IFERROR(SUMPRODUCT((③勤怠記録!$C$4:$C$203=A13)*(ISNUMBER(③勤怠記録!$B$4:$B$203))*(MONTH(③勤怠記録!$B$4:$B$203)=MONTH($B$3))*(YEAR(③勤怠記録!$B$4:$B$203)=YEAR($B$3))*(③勤怠記録!$J$4:$J$203)),0) -> 0 | G13: =IFERROR(IF(A13="","",ROUND(D13*E13,0)),"") | H13: =IFERROR(IF(A13="","",ROUND(D13*1.25*F13,0)),"") | I13: =IFERROR(IF(A13="","",G13+H13),"")
B14: =IFERROR(VLOOKUP(A14,①従業員マスタ!$A$4:$I$56,2,0),"") | C14: =IFERROR(VLOOKUP(A14,①従業員マスタ!$A$4:$I$56,4,0),"") | D14: =IFERROR(VLOOKUP(A14,①従業員マスタ!$A$4:$I$56,5,0),"") | E14: =IFERROR(SUMPRODUCT((③勤怠記録!$C$4:$C$203=A14)*(ISNUMBER(③勤怠記録!$B$4:$B$203))*(MONTH(③勤怠記録!$B$4:$B$203)=MONTH($B$3))*(YEAR(③勤怠記録!$B$4:$B$203)=YEAR($B$3))*(③勤怠記録!$H$4:$H$203)),0) -> 0 | F14: =IFERROR(SUMPRODUCT((③勤怠記録!$C$4:$C$203=A14)*(ISNUMBER(③勤怠記録!$B$4:$B$203))*(MONTH(③勤怠記録!$B$4:$B$203)=MONTH($B$3))*(YEAR(③勤怠記録!$B$4:$B$203)=YEAR($B$3))*(③勤怠記録!$J$4:$J$203)),0) -> 0 | G14: =IFERROR(IF(A14="","",ROUND(D14*E14,0)),"") | H14: =IFERROR(IF(A14="","",ROUND(D14*1.25*F14,0)),"") | I14: =IFERROR(IF(A14="","",G14+H14),"")
B15: =IFERROR(VLOOKUP(A15,①従業員マスタ!$A$4:$I$56,2,0),"") | C15: =IFERROR(VLOOKUP(A15,①従業員マスタ!$A$4:$I$56,4,0),"") | D15: =IFERROR(VLOOKUP(A15,①従業員マスタ!$A$4:$I$56,5,0),"") | E15: =IFERROR(SUMPRODUCT((③勤怠記録!$C$4:$C$203=A15)*(ISNUMBER(③勤怠記録!$B$4:$B$203))*(MONTH(③勤怠記録!$B$4:$B$203)=MONTH($B$3))*(YEAR(③勤怠記録!$B$4:$B$203)=YEAR($B$3))*(③勤怠記録!$H$4:$H$203)),0) -> 0 | F15: =IFERROR(SUMPRODUCT((③勤怠記録!$C$4:$C$203=A15)*(ISNUMBER(③勤怠記録!$B$4:$B$203))*(MONTH(③勤怠記録!$B$4:$B$203)=MONTH($B$3))*(YEAR(③勤怠記録!$B$4:$B$203)=YEAR($B$3))*(③勤怠記録!$J$4:$J$203)),0) -> 0 | G15: =IFERROR(IF(A15="","",ROUND(D15*E15,0)),"") | H15: =IFERROR(IF(A15="","",ROUND(D15*1.25*F15,0)),"") | I15: =IFERROR(IF(A15="","",G15+H15),"")
B16: =IFERROR(VLOOKUP(A16,①従業員マスタ!$A$4:$I$56,2,0),"") | C16: =IFERROR(VLOOKUP(A16,①従業員マスタ!$A$4:$I$56,4,0),"") | D16: =IFERROR(VLOOKUP(A16,①従業員マスタ!$A$4:$I$56,5,0),"") | E16: =IFERROR(SUMPRODUCT((③勤怠記録!$C$4:$C$203=A16)*(ISNUMBER(③勤怠記録!$B$4:$B$203))*(MONTH(③勤怠記録!$B$4:$B$203)=MONTH($B$3))*(YEAR(③勤怠記録!$B$4:$B$203)=YEAR($B$3))*(③勤怠記録!$H$4:$H$203)),0) -> 0 | F16: =IFERROR(SUMPRODUCT((③勤怠記録!$C$4:$C$203=A16)*(ISNUMBER(③勤怠記録!$B$4:$B$203))*(MONTH(③勤怠記録!$B$4:$B$203)=MONTH($B$3))*(YEAR(③勤怠記録!$B$4:$B$203)=YEAR($B$3))*(③勤怠記録!$J$4:$J$203)),0) -> 0 | G16: =IFERROR(IF(A16="","",ROUND(D16*E16,0)),"") | H16: =IFERROR(IF(A16="","",ROUND(D16*1.25*F16,0)),"") | I16: =IFERROR(IF(A16="","",G16+H16),"")
... B54: =IFERROR(VLOOKUP(A54,①従業員マスタ!$A$4:$I$56,2,0),"") | C54: =IFERROR(VLOOKUP(A54,①従業員マスタ!$A$4:$I$56,4,0),"") | D54: =IFERROR(VLOOKUP(A54,①従業員マスタ!$A$4:$I$56,5,0),"") | E54: =IFERROR(SUMPRODUCT((③勤怠記録!$C$4:$C$203=A54)*(ISNUMBER(③勤怠記録!$B$4:$B$203))*(MONTH(③勤怠記録!$B$4:$B$203)=MONTH($B$3))*(YEAR(③勤怠記録!$B$4:$B$203)=YEAR($B$3))*(③勤怠記録!$H$4:$H$203)),0) -> 0 | F54: =IFERROR(SUMPRODUCT((③勤怠記録!$C$4:$C$203=A54)*(ISNUMBER(③勤怠記録!$B$4:$B$203))*(MONTH(③勤怠記録!$B$4:$B$203)=MONTH($B$3))*(YEAR(③勤怠記録!$B$4:$B$203)=YEAR($B$3))*(③勤怠記録!$J$4:$J$203)),0) -> 0 | G54: =IFERROR(IF(A54="","",ROUND(D54*E54,0)),"") | H54: =IFERROR(IF(A54="","",ROUND(D54*1.25*F54,0)),"") | I54: =IFERROR(IF(A54="","",G54+H54),"")
A55: 合計 | E55: =SUM(E5:E54) -> 0 | F55: =SUM(F5:F54) -> 0 | G55: =SUM(G5:G54) -> 0 | H55: =SUM(H5:H54) -> 0 | I55: =SUM(I5:I54) -> 0
